{"edges_to_augment": [[[1, 2], 5.78590233], [[1, 3], 26.09288261], [[1, 4], 36.9366651], [[1, 5], 112.45379707], [[1, 6], 37.5398404], [[1, 7], 9.15340959], [[1, 8], 115.08183139], [[1, 9], 120.93515252], [[1, 10], 104.80917952], [[1, 11], 15.09861025], [[1, 12], 90.10140637], [[2, 3], 134.50562739], [[2, 4], 17.47066146], [[2, 5], 16.79852305], [[2, 6], 61.48622188], [[2, 7], 152.92904139], [[2, 8], 61.33020783], [[2, 9], 31.97429102], [[2, 10], 54.47309569], [[2, 11], 57.76836209], [[2, 12], 47.05919217], [[3, 4], 9.38721108], [[3, 5], 36.36779776], [[3, 6], 137.58438831], [[3, 7], 46.43229662], [[3, 8], 38.92621554], [[3, 9], 76.79303391], [[3, 10], 99.58027489], [[3, 11], 59.32613635], [[3, 12], 64.45578387], [[4, 5], 130.45539462], [[4, 6], 81.35498889], [[4, 7], 92.49885936], [[4, 8], 90.45528764], [[4, 9], 27.74532452], [[4, 10], 49.56518403], [[4, 11], 64.71827939], [[4, 12], 20.96883336], [[5, 6], 57.94169895], [[5, 7], 64.55763657], [[5, 8], 79.98551521], [[5, 9], 82.86200223], [[5, 10], 98.74038838], [[5, 11], 118.71043919], [[5, 12], 45.45204882], [[6, 7], 30.79287899], [[6, 8], 78.42719767], [[6, 9], 41.47567417], [[6, 10], 72.2727839], [[6, 11], 16.41033376], [[6, 12], 200.45590634], [[7, 8], 115.83488499], [[7, 9], 73.35698385], [[7, 10], 42.92564393], [[7, 11], 34.79144117], [[7, 12], 189.43734843], [[8, 9], 17.20249534], [[8, 10], 113.6183184], [[8, 11], 113.93421028], [[8, 12], 46.07418244], [[9, 10], 189.36330233], [[9, 11], 128.58857677], [[9, 12], 27.51182945], [[10, 11], 12.17435431], [[10, 12], 14.58147134], [[11, 12], 151.90411263]], "num_nodes": 12, "edges_existing": []}