{"edges_to_augment": [[[1, 2], 2.56318856], [[1, 3], 15.30414568], [[1, 4], 103.52939009], [[1, 5], 151.87299762], [[1, 6], 57.75491986], [[1, 7], 38.30236113], [[1, 8], 134.80201125], [[1, 9], 50.17312243], [[1, 10], 18.28815319], [[1, 11], 24.02133926], [[1, 12], 67.39639687], [[2, 3], 207.88906535], [[2, 4], 15.88320887], [[2, 5], 48.39500842], [[2, 6], 200.11511391], [[2, 7], 134.16337265], [[2, 8], 53.96350008], [[2, 9], 70.68523933], [[2, 10], 134.59719726], [[2, 11], 67.27154645], [[2, 12], 38.52311828], [[3, 4], 21.46270898], [[3, 5], 42.98891505], [[3, 6], 129.67556986], [[3, 7], 87.50460916], [[3, 8], 67.96041129], [[3, 9], 30.23686413], [[3, 10], 89.82394979], [[3, 11], 69.36610721], [[3, 12], 26.01051776], [[4, 5], 90.15605243], [[4, 6], 37.44734445], [[4, 7], 50.2819537], [[4, 8], 92.62808019], [[4, 9], 58.26233183], [[4, 10], 134.94914432], [[4, 11], 81.74774964], [[4, 12], 17.6055393], [[5, 6], 111.82200557], [[5, 7], 106.93221915], [[5, 8], 25.01828784], [[5, 9], 97.26896074], [[5, 10], 62.63638229], [[5, 11], 88.78229663], [[5, 12], 45.97622915], [[6, 7], 86.97551446], [[6, 8], 82.93569642], [[6, 9], 42.18365153], [[6, 10], 11.03791896], [[6, 11], 24.41512515], [[6, 12], 80.46066968], [[7, 8], 47.3558846], [[7, 9], 76.83992544], [[7, 10], 53.35908881], [[7, 11], 6.38240009], [[7, 12], 92.36396735], [[8, 9], 54.58637588], [[8, 10], 198.80362829], [[8, 11], 110.5612324], [[8, 12], 10.65689388], [[9, 10], 113.47382561], [[9, 11], 119.48605795], [[9, 12], 27.30527067], [[10, 11], 15.34207736], [[10, 12], 172.26501726], [[11, 12], 183.67036588]], 
"num_nodes": 12, 
"edges_existing": []}