{"edges_to_augment": [[[1, 2], 5.20689614], [[1, 3], 25.395636], [[1, 4], 106.71559471], [[1, 5], 14.5293396], [[1, 6], 48.23450289], [[1, 7], 65.18746274], [[1, 8], 176.3494147], [[1, 9], 55.15000646], [[1, 10], 19.24836968], [[1, 11], 84.12065742], [[1, 12], 109.19409083], [[2, 3], 107.04514262], [[2, 4], 27.41767254], [[2, 5], 56.07026904], [[2, 6], 123.64203105], [[2, 7], 153.06814657], [[2, 8], 74.62466086], [[2, 9], 29.8790838], [[2, 10], 127.99911806], [[2, 11], 87.06813833], [[2, 12], 87.99542323], [[3, 4], 25.66017695], [[3, 5], 59.59311639], [[3, 6], 117.61497524], [[3, 7], 42.32810829], [[3, 8], 67.58508471], [[3, 9], 95.88943818], [[3, 10], 31.75663957], [[3, 11], 108.2009386], [[3, 12], 38.0234467], [[4, 5], 93.88945104], [[4, 6], 89.25968401], [[4, 7], 74.03400165], [[4, 8], 58.76599279], [[4, 9], 9.4506764], [[4, 10], 110.82078465], [[4, 11], 91.29967932], [[4, 12], 26.9068604], [[5, 6], 29.65008202], [[5, 7], 105.32418038], [[5, 8], 105.0330192], [[5, 9], 62.27719707], [[5, 10], 106.68710431], [[5, 11], 35.14247741], [[5, 12], 66.31750184], [[6, 7], 113.87936235], [[6, 8], 79.31820675], [[6, 9], 156.01177146], [[6, 10], 39.75578553], [[6, 11], 63.24874178], [[6, 12], 149.20624511], [[7, 8], 85.16719845], [[7, 9], 106.91169878], [[7, 10], 44.11680799], [[7, 11], 18.94571698], [[7, 12], 146.04953222], [[8, 9], 43.94302963], [[8, 10], 89.59059107], [[8, 11], 88.26358575], [[8, 12], 10.97849937], [[9, 10], 89.5077877], [[9, 11], 134.14619315], [[9, 12], 17.07516891], [[10, 11], 33.15743305], [[10, 12], 235.71057697], [[11, 12], 205.77346887]], "num_nodes": 12, "edges_existing": []}