{"edges_to_augment": [[[1, 2], 7.03380105], [[1, 3], 22.12538295], [[1, 4], 178.92312408], [[1, 5], 117.32371747], [[1, 6], 42.19773449], [[1, 7], 70.77333756], [[1, 8], 144.75893151], [[1, 9], 156.14482113], [[1, 10], 94.97085118], [[1, 11], 100.23096093], [[1, 12], 15.54397172], [[2, 3], 72.56885306], [[2, 4], 23.04572886], [[2, 5], 27.32413529], [[2, 6], 147.29515613], [[2, 7], 58.14703571], [[2, 8], 31.93045357], [[2, 9], 21.35757228], [[2, 10], 22.57111066], [[2, 11], 87.32330455], [[2, 12], 95.38677209], [[3, 4], 33.53871717], [[3, 5], 29.23818709], [[3, 6], 130.37594844], [[3, 7], 134.80437951], [[3, 8], 60.78113569], [[3, 9], 60.57149553], [[3, 10], 97.31779531], [[3, 11], 67.16319309], [[3, 12], 119.62818971], [[4, 5], 164.17095973], [[4, 6], 42.85452042], [[4, 7], 36.34036804], [[4, 8], 87.57698387], [[4, 9], 103.94032767], [[4, 10], 73.58232075], [[4, 11], 44.94251987], [[4, 12], 5.59270558], [[5, 6], 23.18274435], [[5, 7], 33.41755898], [[5, 8], 59.35611852], [[5, 9], 60.32377167], [[5, 10], 156.76317592], [[5, 11], 86.75417784], [[5, 12], 68.99248377], [[6, 7], 120.99939058], [[6, 8], 146.75133032], [[6, 9], 65.52664374], [[6, 10], 50.76916175], [[6, 11], 35.3556685], [[6, 12], 132.47394698], [[7, 8], 12.09784038], [[7, 9], 159.68118545], [[7, 10], 9.56483714], [[7, 11], 21.48009166], [[7, 12], 92.78872525], [[8, 9], 37.96152718], [[8, 10], 156.34078078], [[8, 11], 87.34461092], [[8, 12], 2.56835493], [[9, 10], 171.86174857], [[9, 11], 152.62604359], [[9, 12], 37.69690624], [[10, 11], 4.76456944], [[10, 12], 168.79795799], [[11, 12], 240.62608521]], 
"num_nodes": 12, 
"edges_existing": []}