{"num_nodes":12,"new_data":{"edge_weights":[]},"old_data":{"edge_weights":[[[1,2],9.66297757],[[1,3],19.52892893],[[1,4],49.79671496],[[1,5],152.40635179],[[1,6],5.72484719],[[1,7],38.50318733],[[1,8],90.3242705],[[1,9],107.37826024],[[1,10],87.20117801],[[1,11],79.9374724],[[1,12],41.87907715],[[2,3],8.48620961],[[2,4],9.23768651],[[2,5],22.47855141],[[2,6],82.91797213],[[2,7],13.68230852],[[2,8],28.27937569],[[2,9],59.75578453],[[2,10],65.41857679],[[2,11],52.0743203],[[2,12],133.04659136],[[3,4],34.51215544],[[3,5],33.88572646],[[3,6],119.43651655],[[3,7],95.18658557],[[3,8],84.32756746],[[3,9],48.60962586],[[3,10],36.86075875],[[3,11],96.69437539],[[3,12],61.21459011],[[4,5],48.76649202],[[4,6],57.71466551],[[4,7],48.34598851],[[4,8],65.07676574],[[4,9],118.31938771],[[4,10],111.97035411],[[4,11],39.74632994],[[4,12],70.63843208],[[5,6],59.06121934],[[5,7],120.75805589],[[5,8],46.86999859],[[5,9],40.93679361],[[5,10],86.18256719],[[5,11],170.0713277],[[5,12],51.35289317],[[6,7],72.7404307],[[6,8],63.27571582],[[6,9],59.342549],[[6,10],78.70788512],[[6,11],26.13160771],[[6,12],188.5021342],[[7,8],14.08569013],[[7,9],146.87736109],[[7,10],63.45863576],[[7,11],20.11843403],[[7,12],52.80586052],[[8,9],37.71537477],[[8,10],128.68833644],[[8,11],160.00539762],[[8,12],9.19355617],[[9,10],167.46810655],[[9,11],135.02131352],[[9,12],21.32455291],[[10,11],15.27910234],[[10,12],150.20978737],[[11,12],157.72580501]]}}
