{"edges_to_augment": [[[1, 2], 4.47087505], [[1, 3], 9.27085363], [[1, 4], 10.97562905], [[1, 5], 115.4648397], [[1, 6], 53.62677873], [[1, 7], 15.42187591], [[1, 8], 129.58384052], [[1, 9], 66.46203394], [[1, 10], 63.43923382], [[1, 11], 31.51464612], [[1, 12], 129.81476949], [[2, 3], 137.42084274], [[2, 4], 15.48217919], [[2, 5], 12.97137263], [[2, 6], 102.13095291], [[2, 7], 40.73414912], [[2, 8], 33.97298806], [[2, 9], 82.32478013], [[2, 10], 78.51049843], [[2, 11], 101.3599201], [[2, 12], 84.26331931], [[3, 4], 38.03040262], [[3, 5], 69.07669645], [[3, 6], 52.19074883], [[3, 7], 16.03645504], [[3, 8], 93.05162889], [[3, 9], 82.49536017], [[3, 10], 46.81870319], [[3, 11], 71.66481107], [[3, 12], 131.09562074], [[4, 5], 22.44750272], [[4, 6], 49.78647336], [[4, 7], 35.08424944], [[4, 8], 43.2046909], [[4, 9], 81.42962631], [[4, 10], 67.11929057], [[4, 11], 43.96229815], [[4, 12], 76.22248514], [[5, 6], 12.71001822], [[5, 7], 25.00541265], [[5, 8], 30.31708226], [[5, 9], 41.13013995], [[5, 10], 111.16748123], [[5, 11], 153.94996539], [[5, 12], 85.02541546], [[6, 7], 33.36476068], [[6, 8], 62.85361362], [[6, 9], 80.14046233], [[6, 10], 39.75346447], [[6, 11], 72.01264306], [[6, 12], 112.73100026], [[7, 8], 114.86868322], [[7, 9], 84.69500436], [[7, 10], 42.5682918], [[7, 11], 54.7829434], [[7, 12], 159.52196445], [[8, 9], 33.5811658], [[8, 10], 76.23918979], [[8, 11], 112.15061252], [[8, 12], 2.55289743], [[9, 10], 79.61851105], [[9, 11], 46.0254136], [[9, 12], 16.8096774], [[10, 11], 14.29538849], [[10, 12], 69.68730573], [[11, 12], 176.93328601]],
"num_nodes": 12, 
"edges_existing": []}