{"edges_to_augment": [[[1, 2], 12.57121908], [[1, 3], 12.97890837], [[1, 4], 184.8050939], [[1, 5], 81.97614313], [[1, 6], 58.8536368], [[1, 7], 58.26708907], [[1, 8], 61.1801437], [[1, 9], 130.7755242], [[1, 10], 94.22232761], [[1, 11], 110.08847124], [[1, 12], 13.80077344], [[2, 3], 122.73295443], [[2, 4], 17.95099753], [[2, 5], 57.39283566], [[2, 6], 131.51362363], [[2, 7], 23.6763622], [[2, 8], 55.67407397], [[2, 9], 58.91576108], [[2, 10], 33.99135799], [[2, 11], 14.74926415], [[2, 12], 22.4409167], [[3, 4], 43.48698264], [[3, 5], 21.93039755], [[3, 6], 81.95639107], [[3, 7], 35.8083199], [[3, 8], 85.12099807], [[3, 9], 48.30852583], [[3, 10], 114.06975237], [[3, 11], 118.67838295], [[3, 12], 155.53714935], [[4, 5], 41.46943], [[4, 6], 54.41893032], [[4, 7], 55.05883962], [[4, 8], 28.71447392], [[4, 9], 58.28567122], [[4, 10], 53.21009426], [[4, 11], 11.95656806], [[4, 12], 17.84272223], [[5, 6], 41.24974252], [[5, 7], 28.01378747], [[5, 8], 9.38256783], [[5, 9], 56.37454762], [[5, 10], 169.66180437], [[5, 11], 94.65873708], [[5, 12], 31.80469972], [[6, 7], 51.65005829], [[6, 8], 132.79856965], [[6, 9], 157.82891325], [[6, 10], 23.53702199], [[6, 11], 72.7470229], [[6, 12], 110.20687104], [[7, 8], 162.5208341], [[7, 9], 145.36568844], [[7, 10], 82.80346038], [[7, 11], 22.49532705], [[7, 12], 183.13783732], [[8, 9], 11.50301377], [[8, 10], 48.64184762], [[8, 11], 120.73958228], [[8, 12], 28.1307701], [[9, 10], 118.8418854], [[9, 11], 139.79789937], [[9, 12], 13.98322368], [[10, 11], 19.85779283], [[10, 12], 66.68429417], [[11, 12], 113.6839747]], 
"num_nodes": 12, 
"edges_existing": []}