{"edges_to_augment": [[[1, 2], 2.81873836], [[1, 3], 23.78807087], [[1, 4], 40.02018014], [[1, 5], 131.30272922], [[1, 6], 13.46565175], [[1, 7], 24.13783756], [[1, 8], 36.87522926], [[1, 9], 62.89804889], [[1, 10], 47.66989371], [[1, 11], 33.00370148], [[1, 12], 135.40416374], [[2, 3], 164.3460264], [[2, 4], 39.62591002], [[2, 5], 41.69627064], [[2, 6], 115.10691353], [[2, 7], 97.99371266], [[2, 8], 22.69243395], [[2, 9], 42.86132291], [[2, 10], 138.94769224], [[2, 11], 107.23927082], [[2, 12], 70.24603105], [[3, 4], 33.50718368], [[3, 5], 58.29754939], [[3, 6], 96.8618786], [[3, 7], 147.68743508], [[3, 8], 22.80748704], [[3, 9], 35.92904819], [[3, 10], 50.73637255], [[3, 11], 52.6758699], [[3, 12], 49.8491594], [[4, 5], 122.59417056], [[4, 6], 27.66892596], [[4, 7], 20.05556814], [[4, 8], 96.57316448], [[4, 9], 82.55837499], [[4, 10], 135.25587651], [[4, 11], 66.88012818], [[4, 12], 102.74404955], [[5, 6], 59.73972475], [[5, 7], 55.76188846], [[5, 8], 109.88233558], [[5, 9], 67.25656369], [[5, 10], 66.1605698], [[5, 11], 95.3553003], [[5, 12], 7.37212866], [[6, 7], 90.67699389], [[6, 8], 131.96931818], [[6, 9], 136.81091521], [[6, 10], 59.33527834], [[6, 11], 66.67401845], [[6, 12], 107.88081814], [[7, 8], 131.25026367], [[7, 9], 54.75778681], [[7, 10], 23.87909969], [[7, 11], 19.9162797], [[7, 12], 78.34118494], [[8, 9], 92.42599944], [[8, 10], 58.16530756], [[8, 11], 47.04422705], [[8, 12], 37.02040136], [[9, 10], 182.93387039], [[9, 11], 144.50274406], [[9, 12], 24.66465747], [[10, 11], 9.77140033], [[10, 12], 252.39298783], [[11, 12], 129.31423196]], "num_nodes": 12, "edges_existing": []}