{"edges_to_augment": [[[1, 2], 2.42774644], [[1, 3], 18.85486141], [[1, 4], 153.11437126], [[1, 5], 154.35997342], [[1, 6], 27.51383924], [[1, 7], 21.98751017], [[1, 8], 97.55456485], [[1, 9], 3.6256138], [[1, 10], 28.41324136], [[1, 11], 42.49208838], [[1, 12], 115.076248], [[2, 3], 64.18356747], [[2, 4], 30.59238654], [[2, 5], 39.00141398], [[2, 6], 105.66743812], [[2, 7], 79.88311699], [[2, 8], 98.45017788], [[2, 9], 62.76873159], [[2, 10], 61.55943364], [[2, 11], 31.65870117], [[2, 12], 21.43700133], [[3, 4], 36.19159839], [[3, 5], 54.5562818], [[3, 6], 89.17916818], [[3, 7], 30.31056415], [[3, 8], 37.35324187], [[3, 9], 39.777955], [[3, 10], 78.04502557], [[3, 11], 95.01525038], [[3, 12], 61.39442845], [[4, 5], 63.0800426], [[4, 6], 18.16842274], [[4, 7], 39.94053927], [[4, 8], 81.8230471], [[4, 9], 74.07270799], [[4, 10], 109.75603392], [[4, 11], 132.43683377], [[4, 12], 53.70390426], [[5, 6], 78.55252434], [[5, 7], 91.1231868], [[5, 8], 15.81323893], [[5, 9], 126.91873847], [[5, 10], 48.13069302], [[5, 11], 126.53200184], [[5, 12], 26.62804498], [[6, 7], 41.59780808], [[6, 8], 115.62777858], [[6, 9], 80.91695532], [[6, 10], 24.68974987], [[6, 11], 42.52985837], [[6, 12], 124.82997347], [[7, 8], 90.8422993], [[7, 9], 79.60254438], [[7, 10], 32.73353265], [[7, 11], 62.99457772], [[7, 12], 98.71866601], [[8, 9], 21.69942989], [[8, 10], 77.1076172], [[8, 11], 121.48103352], [[8, 12], 3.37593765], [[9, 10], 38.97634742], [[9, 11], 184.33481792], [[9, 12], 36.39995371], [[10, 11], 24.51620526], [[10, 12], 249.16790717], [[11, 12], 226.95142992]], "num_nodes": 12, "edges_existing": []}