{"edges_to_augment": [[[1, 2], 7.14754314], [[1, 3], 8.37085581], [[1, 4], 175.79675987], [[1, 5], 38.10138009], [[1, 6], 33.47935541], [[1, 7], 36.89155139], [[1, 8], 54.00261295], [[1, 9], 135.39360889], [[1, 10], 101.19850126], [[1, 11], 59.47221047], [[1, 12], 12.12322752], [[2, 3], 109.54550826], [[2, 4], 17.52734572], [[2, 5], 46.63240687], [[2, 6], 100.65058394], [[2, 7], 124.70935749], [[2, 8], 19.13729484], [[2, 9], 17.69075081], [[2, 10], 39.89580508], [[2, 11], 12.51486507], [[2, 12], 89.72225585], [[3, 4], 7.75514137], [[3, 5], 14.52370052], [[3, 6], 91.13165315], [[3, 7], 65.95520365], [[3, 8], 91.60293589], [[3, 9], 12.48666409], [[3, 10], 53.38803916], [[3, 11], 24.47043548], [[3, 12], 107.98890784], [[4, 5], 68.97611077], [[4, 6], 60.74807759], [[4, 7], 63.57967945], [[4, 8], 39.15568329], [[4, 9], 74.61510962], [[4, 10], 105.04726284], [[4, 11], 33.69552928], [[4, 12], 75.42292894], [[5, 6], 51.81688315], [[5, 7], 19.85406601], [[5, 8], 116.6066918], [[5, 9], 13.4170817], [[5, 10], 125.56057807], [[5, 11], 75.5061538], [[5, 12], 18.44168913], [[6, 7], 132.24025401], [[6, 8], 134.87968846], [[6, 9], 39.0413988], [[6, 10], 41.52232217], [[6, 11], 9.376853], [[6, 12], 63.36337143], [[7, 8], 54.92943267], [[7, 9], 131.60734852], [[7, 10], 62.31341969], [[7, 11], 7.46394016], [[7, 12], 125.45374207], [[8, 9], 19.31882475], [[8, 10], 81.1179651], [[8, 11], 157.68331988], [[8, 12], 5.51918997], [[9, 10], 134.99418663], [[9, 11], 53.05850804], [[9, 12], 6.16437713], [[10, 11], 16.30531502], [[10, 12], 175.38885573], [[11, 12], 111.42358756]], 
"num_nodes": 12, 
"edges_existing": []}