{"edges_to_augment": [[[1, 2], 12.3284239], [[1, 3], 3.63590563], [[1, 4], 55.42638563], [[1, 5], 105.88955664], [[1, 6], 29.5559526], [[1, 7], 4.20188391], [[1, 8], 124.5471196], [[1, 9], 67.21438883], [[1, 10], 6.88249245], [[1, 11], 48.07088867], [[1, 12], 107.29015916], [[2, 3], 150.59862799], [[2, 4], 17.75806582], [[2, 5], 19.03133197], [[2, 6], 192.48647358], [[2, 7], 171.25226626], [[2, 8], 59.28273074], [[2, 9], 83.31992608], [[2, 10], 86.2399411], [[2, 11], 64.17093309], [[2, 12], 78.362928], [[3, 4], 40.72952201], [[3, 5], 46.34530973], [[3, 6], 165.23377478], [[3, 7], 129.13425347], [[3, 8], 92.08949389], [[3, 9], 59.16121596], [[3, 10], 40.99863008], [[3, 11], 30.36284198], [[3, 12], 56.15689221], [[4, 5], 139.91749571], [[4, 6], 64.27466612], [[4, 7], 9.96125855], [[4, 8], 46.47873055], [[4, 9], 53.35252823], [[4, 10], 22.00448358], [[4, 11], 144.40554662], [[4, 12], 66.08290741], [[5, 6], 11.6089557], [[5, 7], 66.2564118], [[5, 8], 32.65189135], [[5, 9], 19.51150629], [[5, 10], 95.49584366], [[5, 11], 134.42232877], [[5, 12], 27.32711013], [[6, 7], 54.01045672], [[6, 8], 12.27987935], [[6, 9], 36.31133571], [[6, 10], 85.77968538], [[6, 11], 60.73502368], [[6, 12], 140.71077469], [[7, 8], 88.07724795], [[7, 9], 35.97617105], [[7, 10], 23.54615864], [[7, 11], 43.0385366], [[7, 12], 36.44632437], [[8, 9], 41.88937958], [[8, 10], 134.9378503], [[8, 11], 57.90664041], [[8, 12], 10.96760184], [[9, 10], 126.20367574], [[9, 11], 79.97352509], [[9, 12], 8.96559474], [[10, 11], 18.13854514], [[10, 12], 126.79007832], [[11, 12], 112.03309356]], 
"num_nodes": 12, 
"edges_existing": []}