{"edges_to_augment": [[[1, 2], 54.09590589], [[1, 3], 23.36226266], [[1, 4], 61.72053723], [[1, 5], 29.82309445], [[1, 6], 72.24078232], [[1, 7], 38.18877663], [[1, 8], 32.3703595], [[1, 9], 5.203813665], [[1, 10], 76.89062312], [[1, 11], 64.19618272], [[1, 12], 10.76299147], [[2, 3], 55.91034202], [[2, 4], 44.90439059], [[2, 5], 61.75514329], [[2, 6], 39.3147376], [[2, 7], 12.32083388], [[2, 8], 66.58076254], [[2, 9], 31.53983288], [[2, 10], 45.28427837], [[2, 11], 61.95385763], [[2, 12], 50.24909512], [[3, 4], 52.63192773], [[3, 5], 62.13831246], [[3, 6], 86.47181407], [[3, 7], 54.82887629], [[3, 8], 38.18933515], [[3, 9], 46.2718988], [[3, 10], 14.29263136], [[3, 11], 47.36475291], [[3, 12], 9.121464467], [[4, 5], 40.70847272], [[4, 6], 22.25579578], [[4, 7], 81.01043349], [[4, 8], 37.68615061], [[4, 9], 62.641096], [[4, 10], 80.84528209], [[4, 11], 32.94689744], [[4, 12], 40.40970421], [[5, 6], 35.3307184], [[5, 7], 50.00834785], [[5, 8], 33.5356508], [[5, 9], 60.52206073], [[5, 10], 50.69084064], [[5, 11], 20.04898507], [[5, 12], 83.72448688], [[6, 7], 44.94580876], [[6, 8], 9.69054578], [[6, 9], 38.39922894], [[6, 10], 84.44066158], [[6, 11], 51.33320983], [[6, 12], 37.97602313], [[7, 8], 30.19032011], [[7, 9], 38.88221992], [[7, 10], 54.74202782], [[7, 11], 47.96949813], [[7, 12], 46.97235897], [[8, 9], 54.00394096], [[8, 10], 94.26671801], [[8, 11], 61.84018551], [[8, 12], 22.65385054], [[9, 10], 73.41537539], [[9, 11], 30.00246469], [[9, 12], 70.6923961], [[10, 11], 13.05014952], [[10, 12], 71.52271042], [[11, 12], 56.09195381]], 
"num_nodes": 12, 
"edges_existing": []}