{"edges_to_augment":[[[1,2],7.75712181],[[1,3],13.47621941],[[1,4],139.50692829],[[1,5],58.4903908],[[1,6],60.21376188],[[1,7],59.226643],[[1,8],118.92147468],[[1,9],158.69628221],[[1,10],92.28835311],[[1,11],44.94001067],[[1,12],31.66996264],[[2,3],135.05131539],[[2,4],23.4915256],[[2,5],27.91208126],[[2,6],141.65910086],[[2,7],19.01169157],[[2,8],62.0341597],[[2,9],92.04966127],[[2,10],114.91414025],[[2,11],110.56896649],[[2,12],20.28940847],[[3,4],44.33907425],[[3,5],25.85467939],[[3,6],182.65794458],[[3,7],74.86518299],[[3,8],56.3457231],[[3,9],40.6245369],[[3,10],90.83020836],[[3,11],83.89095392],[[3,12],32.13304049],[[4,5],95.64728884],[[4,6],62.19028424],[[4,7],66.99605055],[[4,8],98.43357712],[[4,9],121.34377776],[[4,10],18.70308158],[[4,11],101.47190269],[[4,12],18.1518645],[[5,6],91.90271556],[[5,7],43.99549171],[[5,8],49.83266328],[[5,9],27.87493818],[[5,10],87.21395203],[[5,11],169.89446113],[[5,12],44.85434651],[[6,7],89.4874496],[[6,8],110.44073043],[[6,9],124.07659458],[[6,10],20.91943775],[[6,11],18.30904459],[[6,12],63.25829749],[[7,8],78.24836129],[[7,9],154.57306441],[[7,10],38.42237871],[[7,11],24.0342788],[[7,12],106.52661543],[[8,9],42.40609095],[[8,10],87.04988579],[[8,11],111.2090269],[[8,12],31.23354011],[[9,10],181.38856037],[[9,11],200.69120512],[[9,12],5.37337675],[[10,11],32.50890354],[[10,12],172.22731863],[[11,12],146.97446049]],"num_nodes":12,"edges_existing":[]}