{"edges_to_augment": [[[1, 2], 52.79480526], [[1, 3], 20.15159752], [[1, 4], 26.82575982], [[1, 5], 54.03016046], [[1, 6], 48.08751413], [[1, 7], 16.46665776], [[1, 8], 60.82351045], [[1, 9], 8.545053929], [[1, 10], 60.40091116], [[1, 11], 36.85357922], [[1, 12], 64.62689037], [[2, 3], 74.39938872], [[2, 4], 37.20293533], [[2, 5], 15.63774338], [[2, 6], 74.32926734], [[2, 7], 27.46129211], [[2, 8], 57.73565428], [[2, 9], 70.71360228], [[2, 10], 39.84642066], [[2, 11], 70.17180833], [[2, 12], 76.24302942], [[3, 4], 41.62551432], [[3, 5], 42.41459138], [[3, 6], 60.21426873], [[3, 7], 58.75410035], [[3, 8], 56.02324028], [[3, 9], 38.83806804], [[3, 10], 71.36307902], [[3, 11], 43.31043233], [[3, 12], 74.81961168], [[4, 5], 41.37877462], [[4, 6], 31.2275529], [[4, 7], 39.45036192], [[4, 8], 47.6713767], [[4, 9], 19.21936951], [[4, 10], 21.4920937], [[4, 11], 84.73110683], [[4, 12], 83.14684891], [[5, 6], 43.93612478], [[5, 7], 26.77651455], [[5, 8], 51.0484464], [[5, 9], 63.9177681], [[5, 10], 56.71526117], [[5, 11], 48.2137145], [[5, 12], 78.75499866], [[6, 7], 59.99842173], [[6, 8], 74.75858901], [[6, 9], 56.97376897], [[6, 10], 19.81028751], [[6, 11], 68.83474959], [[6, 12], 15.48221308], [[7, 8], 17.70224541], [[7, 9], 37.76710629], [[7, 10], 35.64113909], [[7, 11], 57.81030551], [[7, 12], 93.37053558], [[8, 9], 54.06028268], [[8, 10], 45.73008552], [[8, 11], 38.45622746], [[8, 12], 75.36734416], [[9, 10], 39.86111064], [[9, 11], 4.33990568], [[9, 12], 71.85745859], [[10, 11], 43.07779516], [[10, 12], 41.91046307], [[11, 12], 12.29404736]], 
"num_nodes": 12, 
"edges_existing": []}