{"edges_to_augment": [[[1, 2], 12.5182032], [[1, 3], 11.16097184], [[1, 4], 86.53921749], [[1, 5], 151.3946037], [[1, 6], 36.23575415], [[1, 7], 31.21419243], [[1, 8], 41.76712154], [[1, 9], 73.26217564], [[1, 10], 69.2337461], [[1, 11], 55.7612747], [[1, 12], 143.4692885], [[2, 3], 155.22437167], [[2, 4], 28.6830441], [[2, 5], 52.56790372], [[2, 6], 105.70949644], [[2, 7], 74.47644857], [[2, 8], 19.52314355], [[2, 9], 13.86382171], [[2, 10], 40.68386254], [[2, 11], 12.14688789], [[2, 12], 108.22065232], [[3, 4], 48.20573388], [[3, 5], 71.51520932], [[3, 6], 55.85483512], [[3, 7], 28.16570884], [[3, 8], 38.82272291], [[3, 9], 55.11985003], [[3, 10], 89.44666446], [[3, 11], 30.58752267], [[3, 12], 52.97000286], [[4, 5], 91.47301708], [[4, 6], 93.98389869], [[4, 7], 96.05336247], [[4, 8], 92.64815263], [[4, 9], 44.73093747], [[4, 10], 31.83417902], [[4, 11], 41.42092727], [[4, 12], 39.52494506], [[5, 6], 45.42639526], [[5, 7], 73.98490396], [[5, 8], 48.42504889], [[5, 9], 61.18609577], [[5, 10], 123.36869631], [[5, 11], 81.45947757], [[5, 12], 23.67346671], [[6, 7], 19.31408829], [[6, 8], 72.96313489], [[6, 9], 59.97076976], [[6, 10], 47.6065356], [[6, 11], 28.67590507], [[6, 12], 121.9438269], [[7, 8], 117.37767294], [[7, 9], 98.23325486], [[7, 10], 40.20646626], [[7, 11], 24.96907911], [[7, 12], 143.85802667], [[8, 9], 40.85660975], [[8, 10], 59.82410988], [[8, 11], 141.66736184], [[8, 12], 19.7223516], [[9, 10], 183.45444223], [[9, 11], 186.02051193], [[9, 12], 37.68219454], [[10, 11], 31.70910228], [[10, 12], 180.40277576], [[11, 12], 261.93672248]], "num_nodes": 12, "edges_existing": []}