{"edges_to_augment": [[[1, 2], 1.29049561], [[1, 3], 11.11209302], [[1, 4], 132.47525233], [[1, 5], 120.2326911], [[1, 6], 44.21568593], [[1, 7], 7.56734121], [[1, 8], 142.13984332], [[1, 9], 148.7123656], [[1, 10], 103.93225997], [[1, 11], 77.82377944], [[1, 12], 139.36008258], [[2, 3], 190.15693056], [[2, 4], 11.45502012], [[2, 5], 35.43804621], [[2, 6], 99.24312205], [[2, 7], 63.39496944], [[2, 8], 47.97284993], [[2, 9], 26.46017531], [[2, 10], 65.0453915], [[2, 11], 70.31392399], [[2, 12], 24.18672809], [[3, 4], 22.8722767], [[3, 5], 24.01741681], [[3, 6], 87.9548391], [[3, 7], 103.03701837], [[3, 8], 39.51107332], [[3, 9], 73.65397351], [[3, 10], 89.94331964], [[3, 11], 42.54546359], [[3, 12], 11.49780998], [[4, 5], 188.81433953], [[4, 6], 39.02180949], [[4, 7], 76.92750431], [[4, 8], 54.19842559], [[4, 9], 79.63833865], [[4, 10], 106.17717747], [[4, 11], 143.43053944], [[4, 12], 87.6169543], [[5, 6], 86.46882315], [[5, 7], 74.47899493], [[5, 8], 58.53050979], [[5, 9], 42.39095652], [[5, 10], 79.12635691], [[5, 11], 153.47598417], [[5, 12], 4.12934143], [[6, 7], 57.92171999], [[6, 8], 60.19525199], [[6, 9], 131.68714475], [[6, 10], 9.07342928], [[6, 11], 51.53115285], [[6, 12], 101.7036248], [[7, 8], 12.18951487], [[7, 9], 146.64033595], [[7, 10], 21.25756519], [[7, 11], 38.6179112], [[7, 12], 177.83742664], [[8, 9], 51.79662782], [[8, 10], 13.59599374], [[8, 11], 81.68704092], [[8, 12], 18.57639165], [[9, 10], 76.97010522], [[9, 11], 91.1970914], [[9, 12], 20.86581229], [[10, 11], 16.29509902], [[10, 12], 199.39040044], [[11, 12], 183.29585303]], "num_nodes": 12, "edges_existing": []}