{"edges_to_augment": [[[1, 2], 14.47506341], [[1, 3], 9.80191318], [[1, 4], 165.30781961], [[1, 5], 228.10274881], [[1, 6], 20.72778807], [[1, 7], 69.48093167], [[1, 8], 105.44962459], [[1, 9], 107.19375552], [[1, 10], 34.89607542], [[1, 11], 6.5936197], [[1, 12], 123.27716435], [[2, 3], 197.87806064], [[2, 4], 11.42459498], [[2, 5], 42.62727371], [[2, 6], 154.96078715], [[2, 7], 72.45392507], [[2, 8], 60.27014841], [[2, 9], 37.54825476], [[2, 10], 102.04280431], [[2, 11], 93.24871592], [[2, 12], 149.03501097], [[3, 4], 18.97771856], [[3, 5], 19.23031341], [[3, 6], 122.28760963], [[3, 7], 142.79444027], [[3, 8], 80.96571399], [[3, 9], 109.21031122], [[3, 10], 98.92694945], [[3, 11], 17.55968632], [[3, 12], 39.98890979], [[4, 5], 39.36201084], [[4, 6], 23.21392098], [[4, 7], 71.02288163], [[4, 8], 92.79427155], [[4, 9], 69.17407889], [[4, 10], 83.93133542], [[4, 11], 104.34816634], [[4, 12], 8.10494808], [[5, 6], 91.08681108], [[5, 7], 57.88019444], [[5, 8], 100.65829876], [[5, 9], 52.00353784], [[5, 10], 53.07518006], [[5, 11], 59.39645818], [[5, 12], 57.74783369], [[6, 7], 87.40854569], [[6, 8], 152.48517004], [[6, 9], 91.27390473], [[6, 10], 26.94922774], [[6, 11], 81.70949507], [[6, 12], 167.23834386], [[7, 8], 67.53459986], [[7, 9], 139.21693261], [[7, 10], 44.01499275], [[7, 11], 24.48847366], [[7, 12], 172.18189117], [[8, 9], 46.29798806], [[8, 10], 168.36832237], [[8, 11], 111.21655655], [[8, 12], 20.02688726], [[9, 10], 70.20889385], [[9, 11], 128.60553062], [[9, 12], 22.46430119], [[10, 11], 8.69612772], [[10, 12], 153.0946938], [[11, 12], 213.75492247]], "num_nodes": 12, "edges_existing": []}