{"edges_to_augment": [[[1, 2], 9.4402119], [[1, 3], 5.14132731], [[1, 4], 113.28297379], [[1, 5], 42.25792948], [[1, 6], 25.83484802], [[1, 7], 53.26483034], [[1, 8], 74.53815542], [[1, 9], 88.97674658], [[1, 10], 75.65991342], [[1, 11], 10.06723505], [[1, 12], 22.43800775], [[2, 3], 146.13976493], [[2, 4], 16.04236123], [[2, 5], 7.64399262], [[2, 6], 34.06834994], [[2, 7], 162.74520418], [[2, 8], 47.51016208], [[2, 9], 19.70965812], [[2, 10], 19.65680233], [[2, 11], 109.08794621], [[2, 12], 98.75322303], [[3, 4], 15.90870928], [[3, 5], 29.47614389], [[3, 6], 104.86763786], [[3, 7], 121.27938158], [[3, 8], 92.65542943], [[3, 9], 56.0820671], [[3, 10], 96.36463123], [[3, 11], 80.80834941], [[3, 12], 82.03893487], [[4, 5], 177.29433057], [[4, 6], 82.1345341], [[4, 7], 18.89095524], [[4, 8], 117.77856252], [[4, 9], 34.68210189], [[4, 10], 35.14296432], [[4, 11], 17.78725165], [[4, 12], 75.95052902], [[5, 6], 67.1961972], [[5, 7], 30.90891389], [[5, 8], 48.89237418], [[5, 9], 61.69455932], [[5, 10], 55.84138285], [[5, 11], 85.55812349], [[5, 12], 76.28211491], [[6, 7], 66.22768844], [[6, 8], 54.12023957], [[6, 9], 64.0599634], [[6, 10], 65.13110176], [[6, 11], 22.3837463], [[6, 12], 205.24008812], [[7, 8], 145.8601153], [[7, 9], 134.30886685], [[7, 10], 34.68432046], [[7, 11], 64.85380023], [[7, 12], 117.69399883], [[8, 9], 69.8253488], [[8, 10], 108.75127084], [[8, 11], 143.91917006], [[8, 12], 16.98759237], [[9, 10], 69.71595839], [[9, 11], 163.70219666], [[9, 12], 39.54032443], [[10, 11], 28.74982234], [[10, 12], 66.9762382], [[11, 12], 160.57804683]], "num_nodes": 12, "edges_existing": []}