{"edges_to_augment": [[[1, 2], 40.37412548], [[1, 3], 52.95018778], [[1, 4], 92.76944924], [[1, 5], 24.54845899], [[1, 6], 93.43547058], [[1, 7], 22.56721], [[1, 8], 49.22484814], [[1, 9], 63.00001471], [[1, 10], 72.09069364], [[1, 11], 19.26253899], [[1, 12], 53.02362865], [[2, 3], 7.47804168], [[2, 4], 61.70999454], [[2, 5], 11.4788493], [[2, 6], 24.12470363], [[2, 7], 11.87384362], [[2, 8], 14.80211092], [[2, 9], 6.27297924], [[2, 10], 46.14120945], [[2, 11], 38.47739543], [[2, 12], 58.85203485], [[3, 4], 64.17099143], [[3, 5], 49.58301959], [[3, 6], 46.03778871], [[3, 7], 55.09549096], [[3, 8], 14.90145873], [[3, 9], 44.1306792], [[3, 10], 58.47909137], [[3, 11], 56.29428136], [[3, 12], 38.41622545], [[4, 5], 53.42166927], [[4, 6], 47.528015], [[4, 7], 13.08114967], [[4, 8], 78.79618452], [[4, 9], 20.17760996], [[4, 10], 77.88679456], [[4, 11], 77.27899531], [[4, 12], 77.72450729], [[5, 6], 24.99068039], [[5, 7], 26.71269512], [[5, 8], 60.13234733], [[5, 9], 5.53637051], [[5, 10], 51.69374455], [[5, 11], 55.18981529], [[5, 12], 43.86727549], [[6, 7], 53.03184311], [[6, 8], 26.07124674], [[6, 9], 59.26648016], [[6, 10], 76.07545952], [[6, 11], 40.18567346], [[6, 12], 50.3943317], [[7, 8], 35.91425309], [[7, 9], 12.11931994], [[7, 10], 26.48901507], [[7, 11], 43.47013663], [[7, 12], 52.964318], [[8, 9], 54.99364722], [[8, 10], 7.36596664], [[8, 11], 74.02766726], [[8, 12], 31.43882523], [[9, 10], 72.83263268], [[9, 11], 67.09997651], [[9, 12], 52.23515608], [[10, 11], 72.44332487], [[10, 12], 40.37717538], [[11, 12], 23.12112833]], "num_nodes": 12, "edges_existing": []}