{"edges_to_augment": [[[1, 2], 48.98289488882], [[1, 3], 42.46171175976], [[1, 4], 40.15475424557], [[1, 5], 52.10885295406], [[1, 6], 9.14540185317], [[1, 7], 62.00653357704], [[1, 8], 1.23592336211], [[1, 9], 45.59243117269], [[1, 10], 36.77197134101], [[1, 11], 33.18465961103], [[1, 12], 35.85045372167], [[2, 3], 21.99856079604], [[2, 4], 14.43917639008], [[2, 5], 34.46772218277], [[2, 6], 46.25353712934], [[2, 7], 39.08645472212], [[2, 8], 18.24489741349], [[2, 9], 51.96661657768], [[2, 10], 17.18499943103], [[2, 11], 61.15550072003], [[2, 12], 41.62353074833], [[3, 4], 59.82972890613], [[3, 5], 67.03859452281], [[3, 6], 43.19345908873], [[3, 7], 8.57965256851], [[3, 8], 16.39974472803], [[3, 9], 45.75269328691], [[3, 10], 39.26351742804], [[3, 11], 73.43270556154], [[3, 12], 33.20525992706], [[4, 5], 68.77811982535], [[4, 6], 51.09905792257], [[4, 7], 30.46972508564], [[4, 8], 58.39950643403], [[4, 9], 47.89565644973], [[4, 10], 35.88334736105], [[4, 11], 55.02786213811], [[4, 12], 48.50886967288], [[5, 6], 43.78121619793], [[5, 7], 80.77329083975], [[5, 8], 64.76505596989], [[5, 9], 62.66954451928], [[5, 10], 56.56472796421], [[5, 11], 18.11165966231], [[5, 12], 38.77051847927], [[6, 7], 35.79808926688], [[6, 8], 24.87828771028], [[6, 9], 45.39470823656], [[6, 10], 39.33872550029], [[6, 11], 46.203688097], [[6, 12], 56.02337124493], [[7, 8], 56.09601522004], [[7, 9], 68.89207230786], [[7, 10], 52.49123833593], [[7, 11], 81.05315975708], [[7, 12], 58.80612280706], [[8, 9], 34.80427168846], [[8, 10], 21.39908360296], [[8, 11], 40.16552545314], [[8, 12], 31.27845927965], [[9, 10], 69.27194322], [[9, 11], 43.2227218072], [[9, 12], 6.60416088208], [[10, 11], 33.7970545246], [[10, 12], 39.7510689099], [[11, 12], 36.11485627297]], "num_nodes": 12, "edges_existing": []}