{"edges_to_augment": [[[1, 2], 5.75000115], [[1, 3], 4.5072776], [[1, 4], 25.58283044], [[1, 5], 31.35361526], [[1, 6], 5.62457418], [[1, 7], 25.21700951], [[1, 8], 82.59125585], [[1, 9], 69.32365131], [[1, 10], 21.66199434], [[1, 11], 24.21830668], [[1, 12], 8.14350841], [[2, 3], 128.53321156], [[2, 4], 28.6085723], [[2, 5], 18.93389392], [[2, 6], 129.58143541], [[2, 7], 58.21154688], [[2, 8], 23.03265799], [[2, 9], 52.78805626], [[2, 10], 16.60996782], [[2, 11], 18.30597977], [[2, 12], 69.97198124], [[3, 4], 26.90473966], [[3, 5], 24.11403328], [[3, 6], 142.85160704], [[3, 7], 122.06525597], [[3, 8], 27.86248587], [[3, 9], 105.99279322], [[3, 10], 132.39203926], [[3, 11], 9.75925639], [[3, 12], 95.33901036], [[4, 5], 148.10942042], [[4, 6], 55.49290491], [[4, 7], 58.60930237], [[4, 8], 71.78327012], [[4, 9], 80.95810001], [[4, 10], 44.42307065], [[4, 11], 53.48421711], [[4, 12], 12.73223893], [[5, 6], 27.93107954], [[5, 7], 62.26656175], [[5, 8], 77.54580438], [[5, 9], 113.09735263], [[5, 10], 39.00385879], [[5, 11], 95.20661796], [[5, 12], 75.98061795], [[6, 7], 66.74015275], [[6, 8], 152.01494803], [[6, 9], 111.41467767], [[6, 10], 62.3969836], [[6, 11], 27.99262892], [[6, 12], 87.90347749], [[7, 8], 141.37096323], [[7, 9], 93.28752248], [[7, 10], 74.39390353], [[7, 11], 14.00895073], [[7, 12], 145.61158616], [[8, 9], 82.07981503], [[8, 10], 204.89499725], [[8, 11], 108.74585162], [[8, 12], 13.78203096], [[9, 10], 153.07385757], [[9, 11], 182.74807451], [[9, 12], 6.90741912], [[10, 11], 20.30641241], [[10, 12], 79.64163557], [[11, 12], 129.20343829]], 
"num_nodes": 12, 
"edges_existing": []}