{"edges_to_augment": [[[1, 2], 17.22421505], [[1, 3], 53.80993931], [[1, 4], 42.09114279], [[1, 5], 61.6943433], [[1, 6], 45.62674562], [[1, 7], 72.56545481], [[1, 8], 47.35256043], [[1, 9], 77.48102916], [[1, 10], 43.7667516], [[1, 11], 85.14432689], [[1, 12], 78.85665256], [[2, 3], 73.32643947], [[2, 4], 49.53883795], [[2, 5], 16.3825437], [[2, 6], 34.07048084], [[2, 7], 54.583631], [[2, 8], 44.7209593], [[2, 9], 74.13077373], [[2, 10], 35.76224721], [[2, 11], 31.87886166], [[2, 12], 66.70360162], [[3, 4], 34.66982914], [[3, 5], 59.70633274], [[3, 6], 22.95351046], [[3, 7], 52.3825647], [[3, 8], 41.45893338], [[3, 9], 20.02178423], [[3, 10], 88.09713632], [[3, 11], 56.87678138], [[3, 12], 19.50235245], [[4, 5], 31.213484], [[4, 6], 59.06946782], [[4, 7], 72.75948382], [[4, 8], 49.83926122], [[4, 9], 47.94848377], [[4, 10], 30.50642457], [[4, 11], 14.65037609], [[4, 12], 51.22629957], [[5, 6], 22.34199094], [[5, 7], 59.01620503], [[5, 8], 40.15815725], [[5, 9], 75.91556666], [[5, 10], 60.94267242], [[5, 11], 47.35391088], [[5, 12], 65.26346382], [[6, 7], 63.59622707], [[6, 8], 45.61673506], [[6, 9], 74.76836084], [[6, 10], 30.40158187], [[6, 11], 25.38195456], [[6, 12], 48.59911572], [[7, 8], 52.05615996], [[7, 9], 76.28255518], [[7, 10], 20.18241189], [[7, 11], 31.43039021], [[7, 12], 48.40161593], [[8, 9], 72.60737649], [[8, 10], 15.14005085], [[8, 11], 67.82982641], [[8, 12], 19.57958047], [[9, 10], 76.95054668], [[9, 11], 82.26420281], [[9, 12], 82.10017618], [[10, 11], 52.34829432], [[10, 12], 14.2079436], [[11, 12], 31.80959145]], "num_nodes": 12, "edges_existing": []}