{"edges_to_augment": [[[1, 2], 86.97922873], [[1, 3], 19.24216423], [[1, 4], 69.81771632], [[1, 5], 30.44414336], [[1, 6], 2.453026673], [[1, 7], 42.79799786], [[1, 8], 74.28075441], [[1, 9], 12.14465261], [[1, 10], 68.14108574], [[1, 11], 44.21385953], [[1, 12], 18.50929134], [[2, 3], 53.60701264], [[2, 4], 76.4195228], [[2, 5], 84.62437371], [[2, 6], 24.21718614], [[2, 7], 84.19166076], [[2, 8], 81.31015735], [[2, 9], 89.02939951], [[2, 10], 46.53386393], [[2, 11], 83.61325908], [[2, 12], 65.28493021], [[3, 4], 57.18252801], [[3, 5], 36.54052227], [[3, 6], 52.62424285], [[3, 7], 20.73643643], [[3, 8], 63.63808482], [[3, 9], 68.68401129], [[3, 10], 37.68205153], [[3, 11], 38.85276697], [[3, 12], 52.41121128], [[4, 5], 74.02148876], [[4, 6], 42.32816466], [[4, 7], 25.12034708], [[4, 8], 22.57720488], [[4, 9], 43.23184431], [[4, 10], 28.09899295], [[4, 11], 50.99566861], [[4, 12], 66.16942802], [[5, 6], 45.59747721], [[5, 7], 66.83727683], [[5, 8], 72.40971393], [[5, 9], 26.94147616], [[5, 10], 22.70024172], [[5, 11], 44.82192001], [[5, 12], 53.24837579], [[6, 7], 59.74001556], [[6, 8], 76.71251015], [[6, 9], 14.54872548], [[6, 10], 43.28747631], [[6, 11], 34.29595538], [[6, 12], 43.23589296], [[7, 8], 31.39573229], [[7, 9], 75.45095037], [[7, 10], 81.7825302], [[7, 11], 14.54278564], [[7, 12], 46.39570172], [[8, 9], 69.5611216], [[8, 10], 35.94172399], [[8, 11], 40.05169691], [[8, 12], 38.89984364], [[9, 10], 26.07198733], [[9, 11], 45.95188388], [[9, 12], 9.722858184], [[10, 11], 26.2397902], [[10, 12], 12.60564183], [[11, 12], 55.67535843]], "num_nodes": 12, "edges_existing": []}