{"edges_to_augment": [[[1, 2], 55.90935231], [[1, 3], 29.71055034], [[1, 4], 15.79078079], [[1, 5], 61.68105097], [[1, 6], 75.26573579], [[1, 7], 56.24713477], [[1, 8], 18.76624067], [[1, 9], 37.25840661], [[1, 10], 56.83483741], [[1, 11], 68.84995302], [[1, 12], 28.46926437], [[2, 3], 43.34430673], [[2, 4], 32.320607], [[2, 5], 16.42074293], [[2, 6], 55.46086776], [[2, 7], 71.22243889], [[2, 8], 69.22283126], [[2, 9], 44.58418039], [[2, 10], 64.38870363], [[2, 11], 20.41034038], [[2, 12], 41.52610194], [[3, 4], 47.09434239], [[3, 5], 56.44072758], [[3, 6], 13.78580915], [[3, 7], 23.08004696], [[3, 8], 52.64195018], [[3, 9], 24.30263546], [[3, 10], 53.61994152], [[3, 11], 73.99838552], [[3, 12], 34.61908187], [[4, 5], 35.98596619], [[4, 6], 24.77903687], [[4, 7], 66.52840755], [[4, 8], 72.79484649], [[4, 9], 67.25918476], [[4, 10], 20.39696981], [[4, 11], 39.77403103], [[4, 12], 79.12223902], [[5, 6], 21.22242566], [[5, 7], 49.46617896], [[5, 8], 15.56430795], [[5, 9], 56.77404131], [[5, 10], 17.95253526], [[5, 11], 85.24070195], [[5, 12], 71.8403174], [[6, 7], 55.3402641], [[6, 8], 18.95398264], [[6, 9], 56.18191483], [[6, 10], 30.79324297], [[6, 11], 46.38320611], [[6, 12], 24.71687223], [[7, 8], 80.37560887], [[7, 9], 20.47533223], [[7, 10], 25.4827593], [[7, 11], 76.09387989], [[7, 12], 71.7682788], [[8, 9], 43.79938745], [[8, 10], 51.68208204], [[8, 11], 26.15866622], [[8, 12], 37.75970719], [[9, 10], 75.72603592], [[9, 11], 33.0680934], [[9, 12], 34.09180214], [[10, 11], 92.5705525], [[10, 12], 16.79572431], [[11, 12], 73.26513923]], "num_nodes": 12, "edges_existing": []}