{"edges_to_augment": [[[1, 2], 89.08000447], [[1, 3], 88.20280664], [[1, 4], 90.30726211], [[1, 5], 88.21484721], [[1, 6], 13.75896313], [[1, 7], 77.12012963], [[1, 8], 89.98970372], [[1, 9], 19.11455811], [[1, 10], 86.76986647], [[1, 11], 58.07262275], [[1, 12], 63.31103379], [[2, 3], 43.02464263], [[2, 4], 42.15710165], [[2, 5], 34.22110595], [[2, 6], 71.50218732], [[2, 7], 91.16443966], [[2, 8], 25.01428566], [[2, 9], 56.49945002], [[2, 10], 26.52774682], [[2, 11], 51.66109147], [[2, 12], 67.75281592], [[3, 4], 33.38019296], [[3, 5], 69.47377202], [[3, 6], 65.86459479], [[3, 7], 72.94608215], [[3, 8], 63.09779791], [[3, 9], 53.41217379], [[3, 10], 19.47903905], [[3, 11], 61.60946707], [[3, 12], 39.40587161], [[4, 5], 36.51972528], [[4, 6], 18.90058127], [[4, 7], 43.16072431], [[4, 8], 18.58305591], [[4, 9], 57.16943129], [[4, 10], 36.67694457], [[4, 11], 31.10435123], [[4, 12], 70.85632374], [[5, 6], 30.80743104], [[5, 7], 18.19211661], [[5, 8], 74.69146425], [[5, 9], 92.88220099], [[5, 10], 38.99795792], [[5, 11], 47.31805355], [[5, 12], 63.75566957], [[6, 7], 28.53118555], [[6, 8], 78.95690373], [[6, 9], 17.98132695], [[6, 10], 29.99180854], [[6, 11], 42.30166776], [[6, 12], 39.87804767], [[7, 8], 40.88510609], [[7, 9], 40.20885386], [[7, 10], 40.58424776], [[7, 11], 35.4741773], [[7, 12], 6.907136924], [[8, 9], 57.69761628], [[8, 10], 44.28638377], [[8, 11], 41.57725707], [[8, 12], 49.57658363], [[9, 10], 65.18815221], [[9, 11], 7.29583168], [[9, 12], 65.11023761], [[10, 11], 51.98792781], [[10, 12], 51.23242698], [[11, 12], 51.54513663]], "num_nodes": 12, "edges_existing": []}