{"edges_to_augment": [[[1, 2], 50.81804511], [[1, 3], 74.89034942], [[1, 4], 43.79430813], [[1, 5], 44.47054352], [[1, 6], 63.42742211], [[1, 7], 1.078142731], [[1, 8], 56.73146457], [[1, 9], 37.9047568], [[1, 10], 25.20429758], [[1, 11], 74.8080638], [[1, 12], 35.65702915], [[2, 3], 93.96616348], [[2, 4], 69.12014931], [[2, 5], 42.05483366], [[2, 6], 74.20834663], [[2, 7], 23.36091185], [[2, 8], 36.73938385], [[2, 9], 68.55403909], [[2, 10], 56.72965792], [[2, 11], 32.13049813], [[2, 12], 66.96583499], [[3, 4], 50.8661291], [[3, 5], 66.85932854], [[3, 6], 19.06657389], [[3, 7], 77.82946621], [[3, 8], 15.57328874], [[3, 9], 77.49183058], [[3, 10], 79.84972675], [[3, 11], 20.44189372], [[3, 12], 89.05845613], [[4, 5], 56.24547571], [[4, 6], 40.07439291], [[4, 7], 63.61736106], [[4, 8], 61.75136272], [[4, 9], 85.92131564], [[4, 10], 17.0732767], [[4, 11], 31.30659589], [[4, 12], 73.91367937], [[5, 6], 36.74597438], [[5, 7], 57.95257478], [[5, 8], 63.20181096], [[5, 9], 23.28727233], [[5, 10], 60.98170703], [[5, 11], 66.5868737], [[5, 12], 83.67386097], [[6, 7], 17.29252832], [[6, 8], 61.73452886], [[6, 9], 16.42447114], [[6, 10], 52.53135619], [[6, 11], 38.99438022], [[6, 12], 68.35045656], [[7, 8], 82.11669331], [[7, 9], 68.4773232], [[7, 10], 46.50096605], [[7, 11], 72.90031245], [[7, 12], 59.60389485], [[8, 9], 49.0729215], [[8, 10], 63.39056634], [[8, 11], 54.75105455], [[8, 12], 60.49045658], [[9, 10], 65.49390954], [[9, 11], 40.71774462], [[9, 12], 43.42278982], [[10, 11], 43.66896862], [[10, 12], 19.32381164], [[11, 12], 67.3266322]], "num_nodes": 12, "edges_existing": []}