{"edges_to_augment": [[[1, 2], 79.46705862], [[1, 3], 15.91102594], [[1, 4], 74.04284465], [[1, 5], 91.6277876], [[1, 6], 59.6915003], [[1, 7], 55.95858737], [[1, 8], 90.10825361], [[1, 9], 13.88157751], [[1, 10], 14.17134314], [[1, 11], 64.88036562], [[1, 12], 78.06220196], [[2, 3], 19.81241288], [[2, 4], 77.13704449], [[2, 5], 12.22302928], [[2, 6], 21.52839821], [[2, 7], 59.19277333], [[2, 8], 35.5680445], [[2, 9], 58.69369752], [[2, 10], 85.62572256], [[2, 11], 37.4589582], [[2, 12], 60.78489407], [[3, 4], 58.39780687], [[3, 5], 62.80750453], [[3, 6], 36.21891875], [[3, 7], 77.05836244], [[3, 8], 11.06434988], [[3, 9], 60.19505712], [[3, 10], 22.04760013], [[3, 11], 61.60940884], [[3, 12], 77.29771143], [[4, 5], 49.21851706], [[4, 6], 48.19187398], [[4, 7], 50.57054242], [[4, 8], 78.4276154], [[4, 9], 52.27403628], [[4, 10], 33.2443077], [[4, 11], 69.83401165], [[4, 12], 11.22401973], [[5, 6], 44.84988039], [[5, 7], 34.69681559], [[5, 8], 33.17686388], [[5, 9], 36.28518302], [[5, 10], 61.10261034], [[5, 11], 64.30612614], [[5, 12], 52.96648089], [[6, 7], 29.68755231], [[6, 8], 73.45572675], [[6, 9], 36.32840763], [[6, 10], 15.13923199], [[6, 11], 19.14287918], [[6, 12], 12.91272192], [[7, 8], 55.74231058], [[7, 9], 56.81878261], [[7, 10], 76.71904525], [[7, 11], 9.90044003], [[7, 12], 80.48165992], [[8, 9], 68.62284626], [[8, 10], 84.94682429], [[8, 11], 96.47300484], [[8, 12], 9.78234091], [[9, 10], 55.25043766], [[9, 11], 42.98019435], [[9, 12], 46.47602405], [[10, 11], 10.91030858], [[10, 12], 55.89376815], [[11, 12], 19.22291982]], "num_nodes": 12, "edges_existing": []}