{"edges_to_augment": [[[1, 2], 12.94684691], [[1, 3], 43.21987849], [[1, 4], 45.55757621], [[1, 5], 51.31779142], [[1, 6], 55.91647645], [[1, 7], 11.80349836], [[1, 8], 68.42399319], [[1, 9], 14.96275774], [[1, 10], 68.67747308], [[1, 11], 90.91007927], [[1, 12], 62.57549333], [[2, 3], 75.85944518], [[2, 4], 48.454762], [[2, 5], 24.64687827], [[2, 6], 48.65520213], [[2, 7], 16.84114405], [[2, 8], 26.94302282], [[2, 9], 66.47733838], [[2, 10], 58.49867026], [[2, 11], 57.05846585], [[2, 12], 31.2336811], [[3, 4], 48.23781884], [[3, 5], 17.61684112], [[3, 6], 44.18571249], [[3, 7], 52.85234513], [[3, 8], 31.41319582], [[3, 9], 25.53702484], [[3, 10], 23.19169222], [[3, 11], 83.31929079], [[3, 12], 76.34849339], [[4, 5], 27.93619087], [[4, 6], 36.77426521], [[4, 7], 31.27313296], [[4, 8], 17.96420281], [[4, 9], 60.08973811], [[4, 10], 75.12072567], [[4, 11], 52.10678536], [[4, 12], 14.81459791], [[5, 6], 57.48715489], [[5, 7], 73.87654092], [[5, 8], 17.16860794], [[5, 9], 39.5231543], [[5, 10], 62.63774051], [[5, 11], 76.72058972], [[5, 12], 62.81204748], [[6, 7], 12.17002396], [[6, 8], 12.7773901], [[6, 9], 53.64793126], [[6, 10], 70.06173794], [[6, 11], 85.98508074], [[6, 12], 53.16008344], [[7, 8], 47.80854038], [[7, 9], 63.75563893], [[7, 10], 45.5145376], [[7, 11], 80.97766352], [[7, 12], 68.96537269], [[8, 9], 82.59027065], [[8, 10], 37.67751817], [[8, 11], 94.43524114], [[8, 12], 73.89838404], [[9, 10], 52.82688836], [[9, 11], 16.37821363], [[9, 12], 76.50953644], [[10, 11], 80.81700387], [[10, 12], 57.92219962], [[11, 12], 86.19668596]], "num_nodes": 12, "edges_existing": []}