{"edges_to_augment": [[[1, 2], 15.58123258], [[1, 3], 73.01106396], [[1, 4], 74.29678073], [[1, 5], 47.10499226], [[1, 6], 40.70587618], [[1, 7], 8.910108177], [[1, 8], 82.49857224], [[1, 9], 16.51594134], [[1, 10], 72.18850356], [[1, 11], 80.23801038], [[1, 12], 66.54057265], [[2, 3], 28.202357], [[2, 4], 70.77144994], [[2, 5], 41.08021412], [[2, 6], 36.96764182], [[2, 7], 63.07320227], [[2, 8], 14.78226137], [[2, 9], 74.88854741], [[2, 10], 29.43034042], [[2, 11], 12.95367558], [[2, 12], 28.38872706], [[3, 4], 81.40363208], [[3, 5], 22.9681974], [[3, 6], 31.01975507], [[3, 7], 37.44058798], [[3, 8], 68.39057615], [[3, 9], 32.73460002], [[3, 10], 7.91495412], [[3, 11], 52.32870023], [[3, 12], 49.66382617], [[4, 5], 40.68584979], [[4, 6], 12.12434539], [[4, 7], 30.89805005], [[4, 8], 78.76333799], [[4, 9], 22.35923603], [[4, 10], 60.0497528], [[4, 11], 86.27161159], [[4, 12], 46.29463861], [[5, 6], 19.68001214], [[5, 7], 46.55032683], [[5, 8], 42.86324903], [[5, 9], 63.4807489], [[5, 10], 21.46092038], [[5, 11], 76.69161146], [[5, 12], 11.02749643], [[6, 7], 9.29373777], [[6, 8], 54.65203012], [[6, 9], 7.89254534], [[6, 10], 50.7727033], [[6, 11], 86.454333], [[6, 12], 59.92681168], [[7, 8], 32.87649794], [[7, 9], 39.86191209], [[7, 10], 88.79456029], [[7, 11], 18.90510243], [[7, 12], 58.24949332], [[8, 9], 34.0483452], [[8, 10], 39.80807352], [[8, 11], 33.45667455], [[8, 12], 47.77740304], [[9, 10], 54.84963706], [[9, 11], 42.75308695], [[9, 12], 31.63468491], [[10, 11], 72.2419651], [[10, 12], 32.83619259], [[11, 12], 48.80585877]], "num_nodes": 12, "edges_existing": []}