{"edges_to_augment": [[[1, 2], 19.06979577], [[1, 3], 53.41324362], [[1, 4], 77.23200715], [[1, 5], 58.95145225], [[1, 6], 71.61148122], [[1, 7], 82.53413221], [[1, 8], 83.2091573], [[1, 9], 72.55394981], [[1, 10], 18.83984733], [[1, 11], 9.952051418], [[1, 12], 21.87389963], [[2, 3], 42.39323919], [[2, 4], 54.9589115], [[2, 5], 62.64540236], [[2, 6], 75.63993358], [[2, 7], 13.2863745], [[2, 8], 47.45443943], [[2, 9], 41.36917322], [[2, 10], 21.28586511], [[2, 11], 55.89110786], [[2, 12], 44.22567089], [[3, 4], 90.40868369], [[3, 5], 64.46971557], [[3, 6], 66.44976488], [[3, 7], 32.37643174], [[3, 8], 8.10030444], [[3, 9], 29.0595728], [[3, 10], 15.98342754], [[3, 11], 36.65023226], [[3, 12], 23.36460125], [[4, 5], 73.95169724], [[4, 6], 85.23824631], [[4, 7], 24.44136237], [[4, 8], 64.75824627], [[4, 9], 13.50042127], [[4, 10], 91.74891151], [[4, 11], 50.64304421], [[4, 12], 75.04333784], [[5, 6], 12.71527134], [[5, 7], 27.54276079], [[5, 8], 49.01337917], [[5, 9], 49.82706282], [[5, 10], 51.29812145], [[5, 11], 23.99137976], [[5, 12], 50.00436135], [[6, 7], 74.95759654], [[6, 8], 39.87049907], [[6, 9], 60.78913022], [[6, 10], 56.04432282], [[6, 11], 37.54207368], [[6, 12], 67.33733488], [[7, 8], 42.74435396], [[7, 9], 67.95312897], [[7, 10], 60.3074315], [[7, 11], 83.44075534], [[7, 12], 50.87483317], [[8, 9], 71.31288672], [[8, 10], 40.47275514], [[8, 11], 34.28793331], [[8, 12], 42.75998697], [[9, 10], 50.31491754], [[9, 11], 46.57973629], [[9, 12], 36.0343491], [[10, 11], 76.47582929], [[10, 12], 37.69834998], [[11, 12], 10.05325579]], "num_nodes": 12, "edges_existing": []}