{"edges_to_augment":[[[1,2],4.48079477],[[1,3],4.37184219],[[1,4],162.98054922],[[1,5],54.70780631],[[1,6],5.06399546],[[1,7],31.41266704],[[1,8],80.41022373],[[1,9],107.44710249],[[1,10],18.05844453],[[1,11],35.37234396],[[1,12],106.55321598],[[2,3],138.46690974],[[2,4],30.1472292],[[2,5],50.89580617],[[2,6],146.11353176],[[2,7],132.63757657],[[2,8],79.71628304],[[2,9],82.20840732],[[2,10],30.73819602],[[2,11],111.10114649],[[2,12],95.94267125],[[3,4],44.24947862],[[3,5],21.74547967],[[3,6],78.47729062],[[3,7],77.72913753],[[3,8],40.40755038],[[3,9],94.02438127],[[3,10],49.35642175],[[3,11],54.84751057],[[3,12],117.8246415],[[4,5],76.87992717],[[4,6],61.89254342],[[4,7],81.70906071],[[4,8],59.78239667],[[4,9],54.57191371],[[4,10],44.71117856],[[4,11],113.18439293],[[4,12],27.37959545],[[5,6],69.07067042],[[5,7],101.38237497],[[5,8],95.00464703],[[5,9],42.72734067],[[5,10],61.05148886],[[5,11],58.48862496],[[5,12],21.73442388],[[6,7],37.56395419],[[6,8],72.54998015],[[6,9],98.54451789],[[6,10],77.37161072],[[6,11],38.28066593],[[6,12],141.395328],[[7,8],127.32586073],[[7,9],112.75191193],[[7,10],67.92129759],[[7,11],19.47458552],[[7,12],141.64922735],[[8,9],82.46101227],[[8,10],86.79473097],[[8,11],63.49395389],[[8,12],17.32036631],[[9,10],106.35511359],[[9,11],35.41462402],[[9,12],15.10148565],[[10,11],18.2316619],[[10,12],148.46402629],[[11,12],169.65719895]],"num_nodes":12,"edges_existing":[]}