{"edges_to_augment": [[[1, 2], 74.87141417], [[1, 3], 61.57627938], [[1, 4], 22.86883143], [[1, 5], 41.37577824], [[1, 6], 18.69273631], [[1, 7], 38.57099309], [[1, 8], 12.80661295], [[1, 9], 48.2442902], [[1, 10], 43.0101949], [[1, 11], 46.72780292], [[1, 12], 62.27931389], [[2, 3], 45.08533936], [[2, 4], 76.87710028], [[2, 5], 26.1466352], [[2, 6], 71.10737409], [[2, 7], 12.42503], [[2, 8], 93.1465956], [[2, 9], 32.29915553], [[2, 10], 78.55009715], [[2, 11], 81.19034421], [[2, 12], 13.15166567], [[3, 4], 45.74030475], [[3, 5], 14.59706751], [[3, 6], 33.91771843], [[3, 7], 41.6674141], [[3, 8], 59.33487331], [[3, 9], 43.54520491], [[3, 10], 14.05749815], [[3, 11], 25.34576954], [[3, 12], 34.11078545], [[4, 5], 51.9746529], [[4, 6], 56.6073464], [[4, 7], 29.6929536], [[4, 8], 17.91076061], [[4, 9], 10.88838231], [[4, 10], 19.86526404], [[4, 11], 66.39182362], [[4, 12], 41.85195956], [[5, 6], 64.19716424], [[5, 7], 68.72406014], [[5, 8], 34.36527872], [[5, 9], 51.73722443], [[5, 10], 69.79910377], [[5, 11], 60.74084548], [[5, 12], 56.92713306], [[6, 7], 49.14823788], [[6, 8], 40.95805991], [[6, 9], 71.97912639], [[6, 10], 39.57888571], [[6, 11], 12.63800755], [[6, 12], 2.793007029], [[7, 8], 71.42272899], [[7, 9], 38.55356099], [[7, 10], 57.39197776], [[7, 11], 50.16637392], [[7, 12], 22.59847696], [[8, 9], 61.03982037], [[8, 10], 49.88088891], [[8, 11], 86.53166602], [[8, 12], 51.08467161], [[9, 10], 69.35327653], [[9, 11], 60.60935539], [[9, 12], 10.77436802], [[10, 11], 35.09407603], [[10, 12], 26.37486232], [[11, 12], 40.68246202]], "num_nodes": 12, "edges_existing": []}