{"edges_to_augment": [[[1, 2], 85.19557436], [[1, 3], 81.54638613], [[1, 4], 44.87121762], [[1, 5], 46.40066712], [[1, 6], 12.37858811], [[1, 7], 48.02862455], [[1, 8], 30.34952093], [[1, 9], 16.42804633], [[1, 10], 8.104806439], [[1, 11], 84.05844767], [[1, 12], 21.09012316], [[2, 3], 88.62599344], [[2, 4], 68.21462468], [[2, 5], 81.15082167], [[2, 6], 77.35717002], [[2, 7], 44.85399312], [[2, 8], 17.19067621], [[2, 9], 13.2495259], [[2, 10], 65.66196531], [[2, 11], 76.67481393], [[2, 12], 38.48867145], [[3, 4], 60.52289865], [[3, 5], 72.02129971], [[3, 6], 44.97744505], [[3, 7], 86.74271708], [[3, 8], 75.10651234], [[3, 9], 55.24521448], [[3, 10], 86.42793232], [[3, 11], 9.6356068], [[3, 12], 75.75952648], [[4, 5], 19.89155195], [[4, 6], 49.41186164], [[4, 7], 45.24721483], [[4, 8], 45.25069821], [[4, 9], 85.35393522], [[4, 10], 60.61678034], [[4, 11], 37.51114515], [[4, 12], 29.86658983], [[5, 6], 66.9901579], [[5, 7], 27.95331418], [[5, 8], 45.00963078], [[5, 9], 48.3226631], [[5, 10], 43.56409288], [[5, 11], 9.77329257], [[5, 12], 19.05066049], [[6, 7], 15.77866891], [[6, 8], 81.3778704], [[6, 9], 43.41031746], [[6, 10], 56.8978933], [[6, 11], 33.96250154], [[6, 12], 92.55856399], [[7, 8], 61.59958187], [[7, 9], 53.59174114], [[7, 10], 40.88618304], [[7, 11], 23.86691354], [[7, 12], 60.8012784], [[8, 9], 45.59084067], [[8, 10], 42.51692264], [[8, 11], 55.30065836], [[8, 12], 72.05782985], [[9, 10], 50.17716799], [[9, 11], 55.99683881], [[9, 12], 57.68989541], [[10, 11], 23.79179561], [[10, 12], 16.73832077], [[11, 12], 56.97527531]], "num_nodes": 12, "edges_existing": []}