{"edges_to_augment": [[[1, 2], 50.8507899], [[1, 3], 16.68986302], [[1, 4], 24.95150536], [[1, 5], 43.55681879], [[1, 6], 65.86796738], [[1, 7], 49.16804492], [[1, 8], 60.37185929], [[1, 9], 87.25617195], [[1, 10], 15.34291739], [[1, 11], 54.72205428], [[1, 12], 72.08205253], [[2, 3], 78.48312178], [[2, 4], 43.46920444], [[2, 5], 59.32193273], [[2, 6], 53.05167146], [[2, 7], 48.60040097], [[2, 8], 71.10303762], [[2, 9], 61.83857727], [[2, 10], 48.44671266], [[2, 11], 25.74248671], [[2, 12], 56.0773219], [[3, 4], 18.68635048], [[3, 5], 44.83724177], [[3, 6], 67.51393817], [[3, 7], 57.12122972], [[3, 8], 71.63793163], [[3, 9], 76.59896823], [[3, 10], 64.5766829], [[3, 11], 72.81541172], [[3, 12], 65.57812346], [[4, 5], 93.11620501], [[4, 6], 60.50870794], [[4, 7], 42.6916449], [[4, 8], 13.90120698], [[4, 9], 57.97775179], [[4, 10], 37.47745445], [[4, 11], 38.49548706], [[4, 12], 36.02391392], [[5, 6], 16.86060941], [[5, 7], 43.23914357], [[5, 8], 64.06874571], [[5, 9], 78.74129895], [[5, 10], 71.51157687], [[5, 11], 70.50063627], [[5, 12], 21.33610082], [[6, 7], 68.33202848], [[6, 8], 52.08799392], [[6, 9], 76.42088819], [[6, 10], 6.6376745], [[6, 11], 41.59020597], [[6, 12], 51.65733094], [[7, 8], 13.15070874], [[7, 9], 43.41735138], [[7, 10], 87.11152029], [[7, 11], 70.76488479], [[7, 12], 26.72939321], [[8, 9], 81.14409593], [[8, 10], 48.32082825], [[8, 11], 81.7550396], [[8, 12], 38.19236712], [[9, 10], 79.5583485], [[9, 11], 79.66151392], [[9, 12], 24.14071839], [[10, 11], 60.79076024], [[10, 12], 36.61239547], [[11, 12], 29.64454918]], "num_nodes": 12, "edges_existing": []}