{"edges_to_augment": [[[1, 2], 36.01120459], [[1, 3], 53.37530207], [[1, 4], 54.37396715], [[1, 5], 37.64784526], [[1, 6], 35.77040618], [[1, 7], 65.50452469], [[1, 8], 35.54403453], [[1, 9], 9.632455497], [[1, 10], 35.04500706], [[1, 11], 84.60897798], [[1, 12], 84.37044782], [[2, 3], 60.42623683], [[2, 4], 19.54477], [[2, 5], 8.53237367], [[2, 6], 52.20748533], [[2, 7], 59.66330637], [[2, 8], 23.574546], [[2, 9], 11.56135511], [[2, 10], 43.90851042], [[2, 11], 9.69982129], [[2, 12], 69.5400712], [[3, 4], 43.41471157], [[3, 5], 68.21563043], [[3, 6], 45.93271001], [[3, 7], 58.38028694], [[3, 8], 2.76045298], [[3, 9], 29.95538027], [[3, 10], 39.23400284], [[3, 11], 38.03696273], [[3, 12], 82.84256805], [[4, 5], 44.33907959], [[4, 6], 25.77344441], [[4, 7], 7.51486767], [[4, 8], 73.36693836], [[4, 9], 21.42344865], [[4, 10], 69.74557258], [[4, 11], 25.85484554], [[4, 12], 88.20076581], [[5, 6], 50.41419555], [[5, 7], 48.29932801], [[5, 8], 28.48232068], [[5, 9], 70.74886398], [[5, 10], 86.48188175], [[5, 11], 19.381596], [[5, 12], 39.26640366], [[6, 7], 45.13631452], [[6, 8], 55.69554738], [[6, 9], 36.4122014], [[6, 10], 33.43956024], [[6, 11], 11.24073395], [[6, 12], 56.25708975], [[7, 8], 42.2042723], [[7, 9], 44.27374243], [[7, 10], 71.61233122], [[7, 11], 72.14535786], [[7, 12], 83.30756636], [[8, 9], 85.85924858], [[8, 10], 43.69096308], [[8, 11], 7.72072143], [[8, 12], 65.08898403], [[9, 10], 48.11109512], [[9, 11], 61.60898013], [[9, 12], 64.49265453], [[10, 11], 62.87333645], [[10, 12], 10.31251352], [[11, 12], 72.43343732]], "num_nodes": 12, "edges_existing": []}