{"edges_to_augment": [[[1, 2], 81.76930995], [[1, 3], 15.34194233], [[1, 4], 83.13223901], [[1, 5], 73.93381651], [[1, 6], 35.70512001], [[1, 7], 37.3121774], [[1, 8], 73.37602658], [[1, 9], 35.78451104], [[1, 10], 64.97412056], [[1, 11], 78.56881819], [[1, 12], 16.74385035], [[2, 3], 57.53943903], [[2, 4], 11.63807003], [[2, 5], 37.37686832], [[2, 6], 61.45475], [[2, 7], 65.09973312], [[2, 8], 74.60616707], [[2, 9], 42.81990515], [[2, 10], 42.5266083], [[2, 11], 17.58826228], [[2, 12], 52.2016203], [[3, 4], 88.03991341], [[3, 5], 62.74772907], [[3, 6], 62.05312303], [[3, 7], 51.56160755], [[3, 8], 71.97692718], [[3, 9], 38.45260971], [[3, 10], 36.30389115], [[3, 11], 55.88192677], [[3, 12], 42.03321062], [[4, 5], 79.93289122], [[4, 6], 37.5019551], [[4, 7], 73.96237885], [[4, 8], 90.97805354], [[4, 9], 78.07853283], [[4, 10], 80.30014869], [[4, 11], 25.56983605], [[4, 12], 77.13208845], [[5, 6], 49.48597978], [[5, 7], 73.65583473], [[5, 8], 18.17631161], [[5, 9], 32.32103832], [[5, 10], 43.83351066], [[5, 11], 39.59785769], [[5, 12], 49.21795564], [[6, 7], 55.35117833], [[6, 8], 42.33276945], [[6, 9], 46.37158855], [[6, 10], 13.39182416], [[6, 11], 46.17080575], [[6, 12], 39.56625658], [[7, 8], 51.21516429], [[7, 9], 29.91584546], [[7, 10], 31.23834752], [[7, 11], 14.62840797], [[7, 12], 63.09243542], [[8, 9], 4.81419556], [[8, 10], 40.27497141], [[8, 11], 38.19311298], [[8, 12], 64.69452129], [[9, 10], 63.35525776], [[9, 11], 60.21749439], [[9, 12], 44.49474744], [[10, 11], 44.62927484], [[10, 12], 58.4671372], [[11, 12], 33.61895473]], "num_nodes": 12, "edges_existing": []}