{"edges_to_augment":[[[1,2],13.71301981],[[1,3],8.99534112],[[1,4],28.89237167],[[1,5],19.18317511],[[1,6],59.00675953],[[1,7],13.38015887],[[1,8],10.72114935],[[1,9],126.63122239],[[1,10],48.43207575],[[1,11],118.94306466],[[1,12],62.6288117],[[2,3],186.91913675],[[2,4],48.72036793],[[2,5],24.2393587],[[2,6],79.12857631],[[2,7],103.80529684],[[2,8],81.25188784],[[2,9],42.633827],[[2,10],100.10138873],[[2,11],85.38428963],[[2,12],125.2152909],[[3,4],42.57641383],[[3,5],59.55873162],[[3,6],42.37559511],[[3,7],127.41610103],[[3,8],18.40911676],[[3,9],79.54111705],[[3,10],107.65105226],[[3,11],87.94807677],[[3,12],162.70850288],[[4,5],88.79614783],[[4,6],13.11918311],[[4,7],60.91342446],[[4,8],95.77155214],[[4,9],52.31956652],[[4,10],82.42585502],[[4,11],53.57053346],[[4,12],26.19079749],[[5,6],34.81160272],[[5,7],55.84989272],[[5,8],95.98269753],[[5,9],68.21883772],[[5,10],62.33342699],[[5,11],116.19911489],[[5,12],76.14631834],[[6,7],49.75967593],[[6,8],67.90498541],[[6,9],144.6135273],[[6,10],80.60357541],[[6,11],78.97861932],[[6,12],136.57261599],[[7,8],104.9841538],[[7,9],99.60305017],[[7,10],40.11554195],[[7,11],53.71554929],[[7,12],75.44141374],[[8,9],61.50928326],[[8,10],53.51064465],[[8,11],130.66540969],[[8,12],53.46758664],[[9,10],16.79761583],[[9,11],121.39235268],[[9,12],25.24842831],[[10,11],13.98715641],[[10,12],41.65992722],[[11,12],177.041776]],"num_nodes":12,"edges_existing":[]}