{"edges_to_augment": [[[1, 2], 66.23803157], [[1, 3], 22.73095034], [[1, 4], 69.75351914], [[1, 5], 41.99218239], [[1, 6], 33.89112421], [[1, 7], 36.46487631], [[1, 8], 20.25382083], [[1, 9], 11.44622219], [[1, 10], 59.12512536], [[1, 11], 55.84753784], [[1, 12], 27.77332764], [[2, 3], 47.21095903], [[2, 4], 16.97221171], [[2, 5], 40.15541366], [[2, 6], 43.60803875], [[2, 7], 47.27854007], [[2, 8], 39.95711004], [[2, 9], 30.42338614], [[2, 10], 52.24236024], [[2, 11], 89.06020035], [[2, 12], 28.35282211], [[3, 4], 54.80544264], [[3, 5], 66.83057587], [[3, 6], 23.96269714], [[3, 7], 25.92433594], [[3, 8], 21.22606645], [[3, 9], 26.21752178], [[3, 10], 56.79056656], [[3, 11], 11.88490086], [[3, 12], 64.44728259], [[4, 5], 34.15232643], [[4, 6], 51.94435574], [[4, 7], 48.34686663], [[4, 8], 73.66406568], [[4, 9], 56.20206713], [[4, 10], 14.69241209], [[4, 11], 83.77666598], [[4, 12], 71.13965219], [[5, 6], 14.10841751], [[5, 7], 52.95286296], [[5, 8], 41.80727808], [[5, 9], 21.90561378], [[5, 10], 46.79186423], [[5, 11], 83.71986951], [[5, 12], 43.07479072], [[6, 7], 23.6314554], [[6, 8], 14.0746515], [[6, 9], 8.05015621], [[6, 10], 26.90299798], [[6, 11], 71.30481014], [[6, 12], 17.77200515], [[7, 8], 44.49064383], [[7, 9], 53.24170807], [[7, 10], 28.96724792], [[7, 11], 21.7973918], [[7, 12], 12.35198801], [[8, 9], 40.58459534], [[8, 10], 44.76161577], [[8, 11], 4.95596454], [[8, 12], 58.05525027], [[9, 10], 51.94363912], [[9, 11], 66.15979105], [[9, 12], 59.99794931], [[10, 11], 51.09473038], [[10, 12], 67.92716797], [[11, 12], 76.09036463]], "num_nodes": 12, "edges_existing": []}