{"edges_to_augment": [[[1, 2], 88.41448677], [[1, 3], 31.95843707], [[1, 4], 40.60436621], [[1, 5], 71.75625305], [[1, 6], 63.3320046], [[1, 7], 77.81139966], [[1, 8], 64.58756015], [[1, 9], 12.95952315], [[1, 10], 83.89489654], [[1, 11], 46.74628382], [[1, 12], 47.1275172], [[2, 3], 24.63330175], [[2, 4], 55.21957051], [[2, 5], 51.9301708], [[2, 6], 19.93135723], [[2, 7], 53.05401634], [[2, 8], 22.63327579], [[2, 9], 62.7753636], [[2, 10], 52.86710613], [[2, 11], 31.58099338], [[2, 12], 41.67528953], [[3, 4], 34.28801686], [[3, 5], 12.33078665], [[3, 6], 48.7912108], [[3, 7], 71.44223386], [[3, 8], 49.54282644], [[3, 9], 32.80546384], [[3, 10], 65.67295465], [[3, 11], 19.1311611], [[3, 12], 18.99723295], [[4, 5], 30.24553159], [[4, 6], 27.57594591], [[4, 7], 48.56211685], [[4, 8], 27.0399643], [[4, 9], 35.09715219], [[4, 10], 32.8156847], [[4, 11], 50.64825689], [[4, 12], 10.61673405], [[5, 6], 47.22417179], [[5, 7], 65.78051024], [[5, 8], 20.45317746], [[5, 9], 85.90766046], [[5, 10], 45.95594479], [[5, 11], 43.27871033], [[5, 12], 6.942199567], [[6, 7], 60.41014447], [[6, 8], 7.25829959], [[6, 9], 57.14215298], [[6, 10], 56.62330154], [[6, 11], 33.87925811], [[6, 12], 38.1693929], [[7, 8], 39.46649151], [[7, 9], 47.05660977], [[7, 10], 20.95179028], [[7, 11], 52.14828846], [[7, 12], 41.3912784], [[8, 9], 32.66861723], [[8, 10], 24.05555038], [[8, 11], 54.55360736], [[8, 12], 57.54050085], [[9, 10], 50.83808372], [[9, 11], 11.86498105], [[9, 12], 31.00992819], [[10, 11], 64.20075106], [[10, 12], 56.17867775], [[11, 12], 48.27102236]], "num_nodes": 12, "edges_existing": []}