{"edges_to_augment": [[[1, 2], 17.85884046], [[1, 3], 67.04984549], [[1, 4], 76.97613321], [[1, 5], 69.99277955], [[1, 6], 45.81475697], [[1, 7], 65.7826449], [[1, 8], 46.12916562], [[1, 9], 68.97365978], [[1, 10], 43.38059017], [[1, 11], 35.43969878], [[1, 12], 48.6575104], [[2, 3], 36.13662946], [[2, 4], 93.1189102], [[2, 5], 74.09504964], [[2, 6], 64.97576655], [[2, 7], 43.63761083], [[2, 8], 22.98827473], [[2, 9], 43.60953262], [[2, 10], 65.84196429], [[2, 11], 51.74380329], [[2, 12], 20.62737761], [[3, 4], 26.3336611], [[3, 5], 40.63645787], [[3, 6], 27.59397717], [[3, 7], 29.97074197], [[3, 8], 46.05732892], [[3, 9], 54.4637691], [[3, 10], 18.76375135], [[3, 11], 45.47976621], [[3, 12], 71.91114626], [[4, 5], 82.81369023], [[4, 6], 48.63903167], [[4, 7], 56.23108104], [[4, 8], 72.72052833], [[4, 9], 8.95994491], [[4, 10], 21.34474798], [[4, 11], 53.9364444], [[4, 12], 88.3307919], [[5, 6], 64.60742277], [[5, 7], 16.69470879], [[5, 8], 60.87576597], [[5, 9], 46.24456439], [[5, 10], 35.33601468], [[5, 11], 72.09476699], [[5, 12], 46.92368675], [[6, 7], 12.30486908], [[6, 8], 62.60001308], [[6, 9], 34.50252618], [[6, 10], 52.96484842], [[6, 11], 55.55722017], [[6, 12], 11.87932125], [[7, 8], 70.55575197], [[7, 9], 34.04585027], [[7, 10], 66.52920459], [[7, 11], 26.36674978], [[7, 12], 41.47060005], [[8, 9], 33.22820818], [[8, 10], 65.02406579], [[8, 11], 61.79034706], [[8, 12], 32.68430162], [[9, 10], 48.63663425], [[9, 11], 34.57785571], [[9, 12], 16.63101382], [[10, 11], 23.91194699], [[10, 12], 73.29674887], [[11, 12], 21.20499866]], "num_nodes": 12, "edges_existing": []}