{"edges_to_augment": [[[1, 2], 46.42024883], [[1, 3], 79.15731443], [[1, 4], 67.05674435], [[1, 5], 24.02014741], [[1, 6], 78.94728488], [[1, 7], 62.92826782], [[1, 8], 68.89719432], [[1, 9], 9.688864488], [[1, 10], 46.073433], [[1, 11], 78.61400022], [[1, 12], 75.73092466], [[2, 3], 76.1618], [[2, 4], 2.47632792], [[2, 5], 50.75062336], [[2, 6], 37.39263778], [[2, 7], 81.194673], [[2, 8], 16.67483364], [[2, 9], 83.04583077], [[2, 10], 56.39292101], [[2, 11], 80.98462825], [[2, 12], 62.91465377], [[3, 4], 11.59046113], [[3, 5], 32.36149157], [[3, 6], 57.82651081], [[3, 7], 44.84746534], [[3, 8], 31.42953677], [[3, 9], 80.60031269], [[3, 10], 30.64366948], [[3, 11], 28.55022209], [[3, 12], 36.33551538], [[4, 5], 16.41505563], [[4, 6], 62.78121568], [[4, 7], 29.14563062], [[4, 8], 45.90605552], [[4, 9], 76.29276088], [[4, 10], 27.24991595], [[4, 11], 47.90442956], [[4, 12], 77.6545468], [[5, 6], 71.18084322], [[5, 7], 62.29185319], [[5, 8], 81.23333474], [[5, 9], 43.76127432], [[5, 10], 53.65755208], [[5, 11], 34.3339359], [[5, 12], 36.60221759], [[6, 7], 15.19986587], [[6, 8], 55.75842154], [[6, 9], 79.59936881], [[6, 10], 9.73220166], [[6, 11], 45.75173076], [[6, 12], 66.54716577], [[7, 8], 38.36090119], [[7, 9], 70.12052927], [[7, 10], 62.73388245], [[7, 11], 50.8887198], [[7, 12], 28.66355109], [[8, 9], 82.71298484], [[8, 10], 42.25494479], [[8, 11], 9.7640332], [[8, 12], 68.91493742], [[9, 10], 68.38554811], [[9, 11], 46.39158684], [[9, 12], 62.78828657], [[10, 11], 47.9940877], [[10, 12], 42.23879152], [[11, 12], 21.48893369]], "num_nodes": 12, "edges_existing": []}