{"edges_to_augment": [[[1, 2], 73.91160969], [[1, 3], 48.15919688], [[1, 4], 57.68333553], [[1, 5], 60.50040518], [[1, 6], 26.98790914], [[1, 7], 13.55388196], [[1, 8], 49.34035028], [[1, 9], 29.99461159], [[1, 10], 73.67151029], [[1, 11], 43.79356217], [[1, 12], 39.49105257], [[2, 3], 82.31116488], [[2, 4], 31.22449022], [[2, 5], 33.9048756], [[2, 6], 90.64226073], [[2, 7], 34.34669321], [[2, 8], 54.0453764], [[2, 9], 48.22474077], [[2, 10], 17.19126504], [[2, 11], 75.19915863], [[2, 12], 56.66962634], [[3, 4], 78.21619584], [[3, 5], 38.09764345], [[3, 6], 14.18640278], [[3, 7], 84.0445637], [[3, 8], 72.37704198], [[3, 9], 68.23012083], [[3, 10], 16.39206699], [[3, 11], 22.88936355], [[3, 12], 66.69833751], [[4, 5], 17.12383817], [[4, 6], 40.12383166], [[4, 7], 43.37698942], [[4, 8], 15.2246611], [[4, 9], 53.06106014], [[4, 10], 87.62187056], [[4, 11], 38.93778948], [[4, 12], 25.87620279], [[5, 6], 47.57199948], [[5, 7], 68.1827606], [[5, 8], 65.39353668], [[5, 9], 43.80686862], [[5, 10], 61.36874695], [[5, 11], 63.97427988], [[5, 12], 15.83501817], [[6, 7], 92.16130633], [[6, 8], 71.67786136], [[6, 9], 47.11555597], [[6, 10], 53.6852185], [[6, 11], 69.92271502], [[6, 12], 59.76379765], [[7, 8], 52.40773369], [[7, 9], 13.60441811], [[7, 10], 85.3632659], [[7, 11], 85.56973148], [[7, 12], 85.94714079], [[8, 9], 67.08917776], [[8, 10], 59.09798785], [[8, 11], 25.69159428], [[8, 12], 62.86660934], [[9, 10], 69.13600083], [[9, 11], 89.51200828], [[9, 12], 62.29376817], [[10, 11], 9.57923587], [[10, 12], 62.97186215], [[11, 12], 70.03264565]], "num_nodes": 12, "edges_existing": []}