{"edges_to_augment": [[[1, 2], 52.20810159], [[1, 3], 54.70218457], [[1, 4], 47.72906429], [[1, 5], 68.84667239], [[1, 6], 5.248725319], [[1, 7], 35.5273003], [[1, 8], 46.01332722], [[1, 9], 24.56807213], [[1, 10], 29.36057791], [[1, 11], 18.96088907], [[1, 12], 24.79307704], [[2, 3], 78.26761755], [[2, 4], 37.78745038], [[2, 5], 53.41562042], [[2, 6], 65.01558737], [[2, 7], 24.0492877], [[2, 8], 33.13157816], [[2, 9], 10.11353077], [[2, 10], 50.33991038], [[2, 11], 66.22311681], [[2, 12], 30.11587334], [[3, 4], 21.40689967], [[3, 5], 7.09406056], [[3, 6], 43.50091641], [[3, 7], 35.41793151], [[3, 8], 8.05282373], [[3, 9], 50.93262886], [[3, 10], 38.47446241], [[3, 11], 61.62741766], [[3, 12], 73.26228661], [[4, 5], 81.10970265], [[4, 6], 50.38587622], [[4, 7], 57.6302797], [[4, 8], 75.69384556], [[4, 9], 45.0421599], [[4, 10], 10.48594659], [[4, 11], 41.13990088], [[4, 12], 69.56011801], [[5, 6], 42.343845], [[5, 7], 74.66972354], [[5, 8], 41.47265418], [[5, 9], 32.52432302], [[5, 10], 56.23152306], [[5, 11], 43.90912583], [[5, 12], 80.39408784], [[6, 7], 71.6470426], [[6, 8], 81.84348623], [[6, 9], 45.11713049], [[6, 10], 15.50398703], [[6, 11], 6.76604194], [[6, 12], 59.94609084], [[7, 8], 57.35134814], [[7, 9], 36.13092304], [[7, 10], 55.83167825], [[7, 11], 30.61420358], [[7, 12], 10.11087717], [[8, 9], 65.5776483], [[8, 10], 39.59948569], [[8, 11], 48.39821462], [[8, 12], 2.790259635], [[9, 10], 45.55726032], [[9, 11], 50.59407558], [[9, 12], 61.72126208], [[10, 11], 41.72015116], [[10, 12], 64.40628415], [[11, 12], 67.6515502]], "num_nodes": 12, "edges_existing": []}