{"edges_to_augment":[[[1,2],6.86521872],[[1,3],18.26004475],[[1,4],62.4339762],[[1,5],108.09094284],[[1,6],5.14834311],[[1,7],41.19770603],[[1,8],171.44737697],[[1,9],101.61236913],[[1,10],55.50115641],[[1,11],50.00120819],[[1,12],45.88833884],[[2,3],80.63792608],[[2,4],12.45040448],[[2,5],36.24870365],[[2,6],102.12730224],[[2,7],134.20710866],[[2,8],80.61560335],[[2,9],82.33638341],[[2,10],60.4811314],[[2,11],21.06319037],[[2,12],56.08127851],[[3,4],49.74829786],[[3,5],48.81341722],[[3,6],51.23196602],[[3,7],117.46428247],[[3,8],58.36203042],[[3,9],111.01996512],[[3,10],26.48296612],[[3,11],54.2512106],[[3,12],161.77508795],[[4,5],92.75557471],[[4,6],31.95572044],[[4,7],57.41628354],[[4,8],83.6233418],[[4,9],75.45848842],[[4,10],72.15278778],[[4,11],134.21623415],[[4,12],50.35344427],[[5,6],101.64612308],[[5,7],53.44966529],[[5,8],51.33862692],[[5,9],98.8990214],[[5,10],136.79100394],[[5,11],21.39108939],[[5,12],61.09121983],[[6,7],43.41104658],[[6,8],18.2258659],[[6,9],60.80742285],[[6,10],77.1505425],[[6,11],77.57431391],[[6,12],153.16808654],[[7,8],49.45828432],[[7,9],109.34659519],[[7,10],22.30375704],[[7,11],28.03819523],[[7,12],157.19365408],[[8,9],25.5016797],[[8,10],103.16607205],[[8,11],57.22345912],[[8,12],6.21312815],[[9,10],145.41890889],[[9,11],110.52902373],[[9,12],8.96717232],[[10,11],23.96336136],[[10,12],203.39850186],[[11,12],126.61858177]],"num_nodes":12,"edges_existing":[]}