{"edges_to_augment": [[[1, 2], 13.9533952], [[1, 3], 24.46086385], [[1, 4], 42.41194462], [[1, 5], 19.45436404], [[1, 6], 38.53384088], [[1, 7], 67.64389752], [[1, 8], 20.57391677], [[1, 9], 49.96963934], [[1, 10], 58.63489692], [[1, 11], 57.63035177], [[1, 12], 70.35886988], [[2, 3], 66.96700485], [[2, 4], 15.88089007], [[2, 5], 88.59666993], [[2, 6], 85.70113966], [[2, 7], 48.72231658], [[2, 8], 71.05191724], [[2, 9], 56.95767598], [[2, 10], 56.52005623], [[2, 11], 64.43192024], [[2, 12], 50.10391995], [[3, 4], 40.34081241], [[3, 5], 43.40924994], [[3, 6], 4.43240505], [[3, 7], 34.79616279], [[3, 8], 32.97836595], [[3, 9], 40.61858685], [[3, 10], 63.02658711], [[3, 11], 64.28019319], [[3, 12], 91.8118689], [[4, 5], 6.29570519], [[4, 6], 57.49613928], [[4, 7], 8.02794501], [[4, 8], 42.75195825], [[4, 9], 38.41649736], [[4, 10], 47.74137908], [[4, 11], 86.10474953], [[4, 12], 9.659451373], [[5, 6], 43.60040399], [[5, 7], 78.95723634], [[5, 8], 17.15921375], [[5, 9], 24.44226206], [[5, 10], 61.48473046], [[5, 11], 71.56691782], [[5, 12], 68.17454473], [[6, 7], 71.22996148], [[6, 8], 51.1001637], [[6, 9], 44.25400678], [[6, 10], 49.82675535], [[6, 11], 49.99543949], [[6, 12], 43.54701536], [[7, 8], 56.22055658], [[7, 9], 40.1498247], [[7, 10], 29.69841854], [[7, 11], 31.97796244], [[7, 12], 50.12303094], [[8, 9], 9.15026199], [[8, 10], 63.12578359], [[8, 11], 23.67287959], [[8, 12], 64.86661536], [[9, 10], 40.74900364], [[9, 11], 30.43666401], [[9, 12], 10.69076643], [[10, 11], 12.81159124], [[10, 12], 22.00440429], [[11, 12], 48.80616366]], "num_nodes": 12, "edges_existing": []}