{"num_nodes":12,"new_data":{"edge_weights":[]},"old_data":{"edge_weights":[[[1,2],13.50216988],[[1,3],14.21413048],[[1,4],132.37045297],[[1,5],91.14014958],[[1,6],18.60079082],[[1,7],5.11610778],[[1,8],80.91045683],[[1,9],116.52871377],[[1,10],22.9862837],[[1,11],108.88930079],[[1,12],90.09204964],[[2,3],129.20614117],[[2,4],13.27758323],[[2,5],39.84906374],[[2,6],177.14181033],[[2,7],115.11397176],[[2,8],59.65128756],[[2,9],15.29558893],[[2,10],94.73871447],[[2,11],78.18391318],[[2,12],128.96619108],[[3,4],33.47332433],[[3,5],56.44488472],[[3,6],91.03699868],[[3,7],140.6090021],[[3,8],91.96473467],[[3,9],92.08519819],[[3,10],62.82846344],[[3,11],96.34156811],[[3,12],53.73651817],[[4,5],127.3723029],[[4,6],42.44115242],[[4,7],80.68965768],[[4,8],32.32574979],[[4,9],64.563594],[[4,10],96.30956779],[[4,11],57.59575772],[[4,12],53.74522441],[[5,6],64.49176189],[[5,7],100.3245229],[[5,8],91.05849104],[[5,9],35.34422935],[[5,10],110.85256105],[[5,11],169.81386045],[[5,12],24.61507973],[[6,7],97.65965545],[[6,8],116.06430959],[[6,9],71.06452133],[[6,10],31.23139009],[[6,11],28.44321289],[[6,12],180.02584702],[[7,8],112.39579076],[[7,9],161.0687988],[[7,10],44.55651678],[[7,11],39.96082586],[[7,12],72.08028205],[[8,9],27.72008743],[[8,10],83.31506038],[[8,11],134.00358795],[[8,12],3.95660084],[[9,10],186.54260445],[[9,11],213.78095354],[[9,12],13.973882],[[10,11],37.64950903],[[10,12],139.46516229],[[11,12],184.07578722]]}}
