{"num_nodes":12,"new_data":{"edge_weights":[]},"old_data":{"edge_weights":[[[1,2],3.29910051],[[1,3],25.75957133],[[1,4],160.73688047],[[1,5],110.40408043],[[1,6],46.46086653],[[1,7],20.63296225],[[1,8],21.07773072],[[1,9],38.92414373],[[1,10],86.49884861],[[1,11],80.31285147],[[1,12],53.44370842],[[2,3],35.0841528],[[2,4],45.82998367],[[2,5],37.03462289],[[2,6],23.11025178],[[2,7],70.67540518],[[2,8],30.59787297],[[2,9],63.21650933],[[2,10],92.61364186],[[2,11],113.78607],[[2,12],25.59515379],[[3,4],46.7331706],[[3,5],16.42666189],[[3,6],45.28841312],[[3,7],58.24773086],[[3,8],62.13273078],[[3,9],70.81034969],[[3,10],79.08718384],[[3,11],53.69453886],[[3,12],149.74142428],[[4,5],77.05261307],[[4,6],36.74129941],[[4,7],93.93815377],[[4,8],113.92775548],[[4,9],46.05281041],[[4,10],103.05677373],[[4,11],66.73401601],[[4,12],25.23361456],[[5,6],94.50262322],[[5,7],37.72026101],[[5,8],103.93537913],[[5,9],18.22571667],[[5,10],135.77302345],[[5,11],155.18157531],[[5,12],76.22063563],[[6,7],95.17337552],[[6,8],90.22755275],[[6,9],94.28497627],[[6,10],22.3592733],[[6,11],18.13258689],[[6,12],158.6721974],[[7,8],66.66834175],[[7,9],35.18301533],[[7,10],71.21511536],[[7,11],63.11387067],[[7,12],82.63649524],[[8,9],40.78351009],[[8,10],85.64130531],[[8,11],202.17708758],[[8,12],34.03739752],[[9,10],109.86633784],[[9,11],206.45786011],[[9,12],25.42128174],[[10,11],24.55353609],[[10,12],80.29823428],[[11,12],154.59105828]]}}
