{"num_nodes":12,"new_data":{"edge_weights":[]},"old_data":{"edge_weights":[[[1,2],10.56199545],[[1,3],22.6494105],[[1,4],183.86586509],[[1,5],161.81868743],[[1,6],9.99171777],[[1,7],41.68896859],[[1,8],21.37977242],[[1,9],172.03701955],[[1,10],116.77412995],[[1,11],53.11946592],[[1,12],120.17385018],[[2,3],212.50324905],[[2,4],8.30606734],[[2,5],58.44742241],[[2,6],83.7546231],[[2,7],104.87202638],[[2,8],84.31774698],[[2,9],87.42382454],[[2,10],96.94176443],[[2,11],93.75014268],[[2,12],43.12637448],[[3,4],27.28622622],[[3,5],30.64107853],[[3,6],99.56593684],[[3,7],83.04943752],[[3,8],95.78358539],[[3,9],84.18246152],[[3,10],118.21234785],[[3,11],15.97293481],[[3,12],137.40665516],[[4,5],79.29825535],[[4,6],28.22712583],[[4,7],103.38201664],[[4,8],124.77543391],[[4,9],43.53404663],[[4,10],35.01498195],[[4,11],118.910894],[[4,12],83.19762577],[[5,6],65.9626907],[[5,7],97.42538072],[[5,8],116.61247006],[[5,9],117.95325892],[[5,10],27.49567653],[[5,11],97.73472862],[[5,12],5.8098112],[[6,7],70.39483207],[[6,8],92.06207784],[[6,9],118.48584642],[[6,10],85.42306554],[[6,11],33.20279442],[[6,12],121.70546736],[[7,8],64.63583373],[[7,9],130.90614909],[[7,10],24.38033367],[[7,11],58.23785752],[[7,12],162.29994192],[[8,9],17.04530274],[[8,10],139.61795953],[[8,11],140.13981149],[[8,12],28.61168063],[[9,10],34.17141955],[[9,11],184.49161595],[[9,12],26.15843788],[[10,11],33.6914149],[[10,12],68.50619715],[[11,12],217.17085075]]}}
