{"edges_to_augment":[[[1,2],12.50785267],[[1,3],10.66465097],[[1,4],114.21454476],[[1,5],97.6574658],[[1,6],18.42810663],[[1,7],62.38503035],[[1,8],118.29758628],[[1,9],73.62591007],[[1,10],41.37538381],[[1,11],49.35739088],[[1,12],136.13872603],[[2,3],11.95491863],[[2,4],8.54840353],[[2,5],20.37674058],[[2,6],120.43963306],[[2,7],84.04442499],[[2,8],52.53824011],[[2,9],4.65188511],[[2,10],123.59007986],[[2,11],104.81653261],[[2,12],87.18565856],[[3,4],29.02034612],[[3,5],13.83201156],[[3,6],8.14361941],[[3,7],117.99833203],[[3,8],77.83409658],[[3,9],110.49803973],[[3,10],106.68588891],[[3,11],25.64905765],[[3,12],76.94359232],[[4,5],21.115071],[[4,6],39.73575785],[[4,7],45.43034205],[[4,8],113.26510664],[[4,9],128.59618037],[[4,10],156.64028967],[[4,11],111.41282579],[[4,12],70.06695518],[[5,6],84.93487153],[[5,7],81.5834544],[[5,8],127.14916084],[[5,9],76.49085558],[[5,10],87.57849923],[[5,11],81.48926295],[[5,12],56.08073032],[[6,7],72.92893906],[[6,8],48.24626839],[[6,9],43.85610414],[[6,10],69.46907126],[[6,11],73.56023256],[[6,12],35.45763627],[[7,8],92.34309576],[[7,9],53.49777723],[[7,10],20.55462898],[[7,11],53.54790331],[[7,12],161.5355587],[[8,9],49.96274575],[[8,10],23.19518285],[[8,11],165.39237122],[[8,12],5.17196134],[[9,10],102.59826289],[[9,11],220.4026619],[[9,12],33.51482831],[[10,11],18.0138058],[[10,12],170.01012902],[[11,12],131.8548471]],"num_nodes":12,"edges_existing":[]}