{"num_nodes":5,"new_data":{"edge_weights":[]},"old_data":{"edge_weights":[[[1,2],34.99664955],[[1,3],3.86014785],[[1,4],11.2685551],[[1,5],5.1749106],[[2,3],6.1501476],[[2,4],13.66149798],[[2,5],21.90200648],[[3,4],29.11616571],[[3,5],27.74393888],[[4,5],2.83029978]]}}
