{"edges_to_augment":[[[1,2],26.15808083],[[1,3],4.24827709],[[1,4],9.45841777],[[1,5],9.17051981],[[2,3],3.2859251],[[2,4],10.8358085],[[2,5],22.09657039],[[3,4],24.2470381],[[3,5],26.99864577],[[4,5],4.0583115]],"num_nodes":5,"edges_existing":[]}