{"edges_to_augment":[[[1,2],10.30052232],[[1,3],5.28018479],[[1,4],14.9072487],[[1,5],22.09811153],[[2,3],6.64842874],[[2,4],13.78174417],[[2,5],18.21858673],[[3,4],30.97454407],[[3,5],16.10633464],[[4,5],4.49728766]],
"num_nodes":5,
"edges_existing":[]}