{"num_nodes":5,"new_data":{"edge_weights":[]},"old_data":{"edge_weights":[[[1,2],10.53230251],[[1,3],4.57687777],[[1,4],10.0360061],[[1,5],12.28151626],[[2,3],5.9083156],[[2,4],23.10061692],[[2,5],14.3438013],[[3,4],9.56988471],[[3,5],15.52548033],[[4,5],3.70940513]]}}
