{"num_nodes":5,"new_data":{"edge_weights":[]},"old_data":{"edge_weights":[[[1,2],35.59612226],[[1,3],2.88447977],[[1,4],4.56035548],[[1,5],12.28775251],[[2,3],7.38235469],[[2,4],15.63926629],[[2,5],22.13607862],[[3,4],24.66022053],[[3,5],10.68273746],[[4,5],4.37715893]]}}
