{"num_nodes":5,"new_data":{"edge_weights":[]},"old_data":{"edge_weights":[[[1,2],11.08638213],[[1,3],4.23716998],[[1,4],3.42755487],[[1,5],15.4293342],[[2,3],6.26171389],[[2,4],21.78641091],[[2,5],23.78527429],[[3,4],25.51211523],[[3,5],30.34857242],[[4,5],2.24851143]]}}
