{"edges_to_augment":[[[1,2],36.64518648],[[1,3],2.32818666],[[1,4],17.42630849],[[1,5],10.22646623],[[2,3],6.27958738],[[2,4],16.46619483],[[2,5],23.8234533],[[3,4],18.85209499],[[3,5],37.31080148],[[4,5],2.90604594]],"num_nodes":5,"edges_existing":[]}