{"edges_to_augment":[[[1,2],39.81461185],[[1,3],4.54547447],[[1,4],3.88684429],[[1,5],5.60799584],[[2,3],11.29593038],[[2,4],7.97737711],[[2,5],30.92902293],[[3,4],29.85247297],[[3,5],33.08505184],[[4,5],4.12690381]],"num_nodes":5,"edges_existing":[]}