{"num_nodes":5,"new_data":{"edge_weights":[]},"old_data":{"edge_weights":[[[1,2],28.16798604],[[1,3],4.46307903],[[1,4],10.83934736],[[1,5],19.14874377],[[2,3],6.52877569],[[2,4],10.74986238],[[2,5],15.11007795],[[3,4],4.54499887],[[3,5],24.20761496],[[4,5],2.65468634]]}}
