{"edges_to_augment":[[[1,2],29.29728784],[[1,3],3.69067463],[[1,4],4.51345775],[[1,5],24.78714284],[[2,3],7.87374159],[[2,4],12.75559141],[[2,5],31.00682506],[[3,4],17.61637513],[[3,5],25.56941273],[[4,5],4.27584041]],"num_nodes":5,"edges_existing":[]}