{"edges_to_augment": [[[1, 2], 22.36793886], [[1, 3], 5.28867316], [[1, 4], 41.5383499], [[1, 5], 20.22658772], [[1, 6], 7.79832689], [[1, 7], 63.46681673], [[1, 8], 47.19322821], [[1, 9], 55.22687604], [[1, 10], 45.20776826], [[2, 3], 80.44843356], [[2, 4], 86.10114372], [[2, 5], 65.97919803], [[2, 6], 62.28318495], [[2, 7], 9.04990486], [[2, 8], 12.9977238], [[2, 9], 40.4521456], [[2, 10], 33.59297253], [[3, 4], 17.91530313], [[3, 5], 41.01267659], [[3, 6], 80.25681019], [[3, 7], 97.07958831], [[3, 8], 29.07355985], [[3, 9], 70.27200591], [[3, 10], 90.86946242], [[4, 5], 3.11444834], [[4, 6], 86.72406603], [[4, 7], 84.98528969], [[4, 8], 50.16571058], [[4, 9], 70.87217268], [[4, 10], 74.61179771], [[5, 6], 80.16615088], [[5, 7], 149.99916811], [[5, 8], 98.57960912], [[5, 9], 110.55747012], [[5, 10], 76.40655413], [[6, 7], 35.63887224], [[6, 8], 14.29079095], [[6, 9], 38.42998673], [[6, 10], 77.68982473], [[7, 8], 38.72178421], [[7, 9], 39.20563921], [[7, 10], 25.92948541], [[8, 9], 36.82606524], [[8, 10], 82.56028397], [[9, 10], 5.44096238]], 
"num_nodes": 10, 
"edges_existing": []}