{"edges_to_augment":[[[1,2],163.75978615],[[1,3],3.50315388],[[1,4],67.87627171],[[1,5],14.39434848],[[1,6],54.43833763],[[1,7],25.47408911],[[1,8],99.87647163],[[1,9],15.91348237],[[1,10],6.02228092],[[2,3],47.57375517],[[2,4],67.10428322],[[2,5],28.65983363],[[2,6],51.1827031],[[2,7],57.21759552],[[2,8],9.82179395],[[2,9],59.61476851],[[2,10],27.2166955],[[3,4],18.1466278],[[3,5],30.96120558],[[3,6],52.73895656],[[3,7],125.67577954],[[3,8],58.65599872],[[3,9],37.76490326],[[3,10],67.00318519],[[4,5],5.52009889],[[4,6],30.41761123],[[4,7],92.0398427],[[4,8],102.24880383],[[4,9],121.22624189],[[4,10],58.6462843],[[5,6],106.92083669],[[5,7],136.93038437],[[5,8],104.60915116],[[5,9],54.81261378],[[5,10],113.91884327],[[6,7],49.6757098],[[6,8],22.74535841],[[6,9],32.66379725],[[6,10],51.79125868],[[7,8],17.24989726],[[7,9],40.61232887],[[7,10],47.41301266],[[8,9],23.45651376],[[8,10],71.66429786],[[9,10],36.30778356]],
"num_nodes":10,
"edges_existing":[]}