{"edges_to_augment": [[[1, 2], 60.893211], [[1, 3], 2.90074158], [[1, 4], 87.19467244], [[1, 5], 50.64573955], [[1, 6], 10.05668886], [[1, 7], 82.71845823], [[1, 8], 60.85395311], [[1, 9], 57.07747082], [[1, 10], 10.68352434], [[2, 3], 76.88315794], [[2, 4], 71.54439321], [[2, 5], 8.1446207], [[2, 6], 54.13050729], [[2, 7], 2.72365157], [[2, 8], 7.32524486], [[2, 9], 41.33983989], [[2, 10], 36.65696722], [[3, 4], 27.58283355], [[3, 5], 21.95580356], [[3, 6], 24.61431734], [[3, 7], 29.2933195], [[3, 8], 32.50855411], [[3, 9], 15.86914528], [[3, 10], 29.51566611], [[4, 5], 4.00206056], [[4, 6], 76.22420038], [[4, 7], 85.57255161], [[4, 8], 71.9273928], [[4, 9], 140.45194209], [[4, 10], 35.44263041], [[5, 6], 119.22832467], [[5, 7], 50.93697403], [[5, 8], 82.2031474], [[5, 9], 95.60497477], [[5, 10], 62.64921343], [[6, 7], 47.75493389], [[6, 8], 22.61509936], [[6, 9], 44.8576522], [[6, 10], 48.92390056], [[7, 8], 57.39182149], [[7, 9], 11.51546079], [[7, 10], 81.94160749], [[8, 9], 25.19519574], [[8, 10], 72.41602049], [[9, 10], 54.75789861]], "num_nodes": 10, "edges_existing": []}