{"edges_to_augment": [[[1, 2], 8.65299129], [[1, 3], 4.00848612], [[1, 4], 14.68564573], [[1, 5], 45.31695959], [[1, 6], 14.88861843], [[1, 7], 38.06324355], [[1, 8], 64.71695315], [[1, 9], 29.88267894], [[1, 10], 21.70619788], [[2, 3], 21.14817404], [[2, 4], 11.87601499], [[2, 5], 14.88530793], [[2, 6], 33.32959374], [[2, 7], 12.7320783], [[2, 8], 7.37215533], [[2, 9], 22.28144546], [[2, 10], 28.50641346], [[3, 4], 16.77947631], [[3, 5], 41.31054191], [[3, 6], 94.45822923], [[3, 7], 16.67249345], [[3, 8], 40.17867174], [[3, 9], 56.29030349], [[3, 10], 69.81713288], [[4, 5], 2.6173188], [[4, 6], 110.98305765], [[4, 7], 125.82046773], [[4, 8], 108.54730491], [[4, 9], 145.7681769], [[4, 10], 19.61065146], [[5, 6], 42.36438127], [[5, 7], 117.23893693], [[5, 8], 73.59017373], [[5, 9], 23.81961377], [[5, 10], 45.0942018], [[6, 7], 43.24725341], [[6, 8], 15.25368951], [[6, 9], 58.29489255], [[6, 10], 70.74313928], [[7, 8], 19.31274196], [[7, 9], 29.93739517], [[7, 10], 63.97183624], [[8, 9], 55.43784573], [[8, 10], 90.42807696], [[9, 10], 14.74047937]], "num_nodes": 10, "edges_existing": []}