{"edges_to_augment": [[[1, 2], 17.12679468], [[1, 3], 3.26712225], [[1, 4], 34.54964083], [[1, 5], 9.88034323], [[1, 6], 45.75921105], [[1, 7], 70.98541401], [[1, 8], 42.1720449], [[1, 9], 55.94815862], [[1, 10], 19.22602631], [[2, 3], 4.86000776], [[2, 4], 35.29772377], [[2, 5], 75.46941688], [[2, 6], 9.91495609], [[2, 7], 39.14811912], [[2, 8], 31.84681355], [[2, 9], 57.92827406], [[2, 10], 43.1102709], [[3, 4], 21.12789727], [[3, 5], 44.54648437], [[3, 6], 64.61513192], [[3, 7], 105.84891123], [[3, 8], 12.96429759], [[3, 9], 87.17527546], [[3, 10], 135.5811028], [[4, 5], 3.90064899], [[4, 6], 71.68807011], [[4, 7], 108.6356925], [[4, 8], 48.75905003], [[4, 9], 38.64080223], [[4, 10], 24.62952309], [[5, 6], 62.36110241], [[5, 7], 130.41396772], [[5, 8], 113.98574511], [[5, 9], 54.77010222], [[5, 10], 48.80988801], [[6, 7], 23.59259926], [[6, 8], 31.32480772], [[6, 9], 18.63260702], [[6, 10], 51.48328929], [[7, 8], 5.2633733], [[7, 9], 46.46291507], [[7, 10], 60.14768434], [[8, 9], 27.70820828], [[8, 10], 45.38825574], [[9, 10], 47.48554092]], 
"num_nodes": 10, 
"edges_existing": []}