{"edges_to_augment":[[[1,2],139.62270275],[[1,3],3.50413332],[[1,4],9.43750257],[[1,5],46.77480538],[[1,6],74.13515399],[[1,7],66.01254634],[[1,8],69.7943508],[[1,9],51.52508239],[[1,10],35.58801348],[[2,3],62.18820758],[[2,4],89.26446892],[[2,5],58.4131918],[[2,6],42.1083551],[[2,7],3.83467338],[[2,8],12.50549323],[[2,9],16.7953461],[[2,10],51.97425028],[[3,4],23.90657128],[[3,5],46.88324614],[[3,6],76.4793893],[[3,7],60.68803437],[[3,8],44.68525479],[[3,9],91.61414706],[[3,10],66.42996493],[[4,5],2.65070553],[[4,6],95.24898598],[[4,7],71.89370744],[[4,8],151.33788957],[[4,9],60.16466632],[[4,10],76.4067779],[[5,6],59.66737695],[[5,7],43.03536016],[[5,8],53.69907774],[[5,9],36.47294977],[[5,10],44.55700725],[[6,7],33.54936779],[[6,8],33.21327218],[[6,9],15.54461092],[[6,10],38.76373386],[[7,8],17.11027438],[[7,9],21.63098496],[[7,10],62.84675284],[[8,9],24.70731193],[[8,10],87.96211253],[[9,10],12.80533147]],"num_nodes":10,"edges_existing":[]}