{"edges_to_augment": [[[1, 2], 128.06454738], [[1, 3], 1.120777], [[1, 4], 31.64709688], [[1, 5], 42.95134756], [[1, 6], 44.79650021], [[1, 7], 19.96106213], [[1, 8], 42.85866353], [[1, 9], 58.46715034], [[1, 10], 8.83164892], [[2, 3], 10.55637797], [[2, 4], 93.60871979], [[2, 5], 79.21456064], [[2, 6], 75.22602017], [[2, 7], 14.61007722], [[2, 8], 55.90529098], [[2, 9], 21.20207023], [[2, 10], 28.15944097], [[3, 4], 16.48219966], [[3, 5], 13.99438813], [[3, 6], 36.9102083], [[3, 7], 71.86594811], [[3, 8], 7.95102201], [[3, 9], 106.23466636], [[3, 10], 74.19974221], [[4, 5], 3.19398417], [[4, 6], 104.77368426], [[4, 7], 47.44729089], [[4, 8], 54.82064247], [[4, 9], 69.91925092], [[4, 10], 83.97150736], [[5, 6], 62.97524112], [[5, 7], 155.54415115], [[5, 8], 105.35589723], [[5, 9], 26.42957894], [[5, 10], 66.77148069], [[6, 7], 61.38117676], [[6, 8], 10.08206036], [[6, 9], 36.87734391], [[6, 10], 38.89908207], [[7, 8], 19.47332485], [[7, 9], 10.87189169], [[7, 10], 71.53708397], [[8, 9], 65.72544258], [[8, 10], 93.07902356], [[9, 10], 61.45770736]], 
"num_nodes": 10, 
"edges_existing": []}