{"edges_to_augment": [[[1, 2], 183.49981668], [[1, 3], 4.60951916], [[1, 4], 55.07718098], [[1, 5], 75.4638188], [[1, 6], 28.89238697], [[1, 7], 20.06259894], [[1, 8], 33.41143104], [[1, 9], 10.79028136], [[1, 10], 30.77561553], [[2, 3], 6.62573554], [[2, 4], 73.51568416], [[2, 5], 36.89730994], [[2, 6], 51.55255889], [[2, 7], 39.53201518], [[2, 8], 30.07557715], [[2, 9], 18.73202958], [[2, 10], 50.60239991], [[3, 4], 18.20931817], [[3, 5], 27.08685407], [[3, 6], 19.91322028], [[3, 7], 128.96230885], [[3, 8], 9.27276058], [[3, 9], 73.24398217], [[3, 10], 79.37366363], [[4, 5], 4.31052037], [[4, 6], 96.7689466], [[4, 7], 116.77849755], [[4, 8], 61.78947216], [[4, 9], 88.14152715], [[4, 10], 15.79144184], [[5, 6], 56.58857052], [[5, 7], 91.57173008], [[5, 8], 92.85500411], [[5, 9], 91.03955716], [[5, 10], 81.06487581], [[6, 7], 34.24152543], [[6, 8], 25.44093645], [[6, 9], 33.56237918], [[6, 10], 14.14476628], [[7, 8], 7.81541262], [[7, 9], 68.07266757], [[7, 10], 51.82422317], [[8, 9], 59.47298726], [[8, 10], 33.507763], [[9, 10], 24.83579081]], "num_nodes": 10, "edges_existing": []}