{"edges_to_augment": [[[1, 2], 60.12796279], [[1, 3], 4.11649785], [[1, 4], 61.01330953], [[1, 5], 72.7581305], [[1, 6], 31.77856926], [[1, 7], 41.6521065], [[1, 8], 64.50020936], [[1, 9], 38.25455148], [[1, 10], 40.00868408], [[2, 3], 73.98934052], [[2, 4], 77.16788722], [[2, 5], 18.66826929], [[2, 6], 29.96334636], [[2, 7], 33.09579066], [[2, 8], 30.19400742], [[2, 9], 38.95995149], [[2, 10], 15.83483932], [[3, 4], 27.09001737], [[3, 5], 29.73304473], [[3, 6], 71.52752032], [[3, 7], 78.99928688], [[3, 8], 69.26911207], [[3, 9], 50.48592781], [[3, 10], 45.11125093], [[4, 5], 4.8878952], [[4, 6], 87.22581752], [[4, 7], 92.37677062], [[4, 8], 111.74989369], [[4, 9], 150.05533777], [[4, 10], 22.64910522], [[5, 6], 104.32579976], [[5, 7], 44.7682232], [[5, 8], 24.44101753], [[5, 9], 62.53543462], [[5, 10], 90.16061486], [[6, 7], 55.64474047], [[6, 8], 11.14779618], [[6, 9], 39.37502659], [[6, 10], 80.04364629], [[7, 8], 31.49951755], [[7, 9], 16.60888559], [[7, 10], 43.81529757], [[8, 9], 48.97342799], [[8, 10], 46.04523735], [[9, 10], 31.77317977]], 
"num_nodes": 10, 
"edges_existing": []}