{"edges_to_augment": [[[1, 2], 118.98117701], [[1, 3], 5.2895514], [[1, 4], 44.62740895], [[1, 5], 38.86646513], [[1, 6], 72.82396125], [[1, 7], 78.19414452], [[1, 8], 74.79619405], [[1, 9], 59.32612299], [[1, 10], 43.07027714], [[2, 3], 59.7097854], [[2, 4], 9.8555728], [[2, 5], 30.29500992], [[2, 6], 77.44712889], [[2, 7], 40.80120681], [[2, 8], 30.7280759], [[2, 9], 27.40258262], [[2, 10], 24.81203666], [[3, 4], 14.07326799], [[3, 5], 20.12288611], [[3, 6], 15.51070353], [[3, 7], 43.88243717], [[3, 8], 10.04773796], [[3, 9], 12.21925035], [[3, 10], 95.79265422], [[4, 5], 1.94474197], [[4, 6], 62.86955858], [[4, 7], 93.87411471], [[4, 8], 66.26829669], [[4, 9], 133.64662624], [[4, 10], 63.85500985], [[5, 6], 84.48843557], [[5, 7], 121.2271635], [[5, 8], 98.12709026], [[5, 9], 88.73199961], [[5, 10], 78.30818286], [[6, 7], 40.04557739], [[6, 8], 47.36482764], [[6, 9], 4.51993122], [[6, 10], 68.44157653], [[7, 8], 29.08568387], [[7, 9], 53.32660915], [[7, 10], 11.2222853], [[8, 9], 56.42107656], [[8, 10], 74.39891667], [[9, 10], 66.07976761]], "num_nodes": 10, "edges_existing": []}