{"edges_to_augment": [[[1, 2], 78.57809977], [[1, 3], 3.14591022], [[1, 4], 55.62257978], [[1, 5], 85.07519645], [[1, 6], 52.59746309], [[1, 7], 30.14585106], [[1, 8], 95.43627058], [[1, 9], 26.05401317], [[1, 10], 11.1250689], [[2, 3], 48.80635657], [[2, 4], 89.43762253], [[2, 5], 55.79073003], [[2, 6], 86.62695836], [[2, 7], 17.65052174], [[2, 8], 23.42532677], [[2, 9], 14.51755172], [[2, 10], 34.2417116], [[3, 4], 23.87658321], [[3, 5], 36.96890365], [[3, 6], 38.10348394], [[3, 7], 47.53087335], [[3, 8], 56.77220828], [[3, 9], 62.80566477], [[3, 10], 134.6993537], [[4, 5], 4.64112063], [[4, 6], 45.27037625], [[4, 7], 71.09907278], [[4, 8], 153.446485], [[4, 9], 38.92078326], [[4, 10], 83.85315821], [[5, 6], 113.66145864], [[5, 7], 17.83183205], [[5, 8], 99.90752299], [[5, 9], 52.52447322], [[5, 10], 60.44387248], [[6, 7], 52.19255019], [[6, 8], 9.95652997], [[6, 9], 46.31034806], [[6, 10], 30.70545016], [[7, 8], 30.43521412], [[7, 9], 24.01221276], [[7, 10], 71.08265058], [[8, 9], 47.74046047], [[8, 10], 63.77260553], [[9, 10], 32.84575483]], 
"num_nodes": 10, 
"edges_existing": []}