{"edges_to_augment": [[[1, 2], 91.3803653], [[1, 3], 2.89379066], [[1, 4], 60.2749551], [[1, 5], 82.99669015], [[1, 6], 26.8226682], [[1, 7], 39.47439307], [[1, 8], 35.44316128], [[1, 9], 40.61156984], [[1, 10], 6.79137603], [[2, 3], 66.38559688], [[2, 4], 68.84219336], [[2, 5], 93.14490142], [[2, 6], 89.83316151], [[2, 7], 24.4505242], [[2, 8], 11.32817634], [[2, 9], 39.81217016], [[2, 10], 14.08786367], [[3, 4], 23.58914785], [[3, 5], 19.47777181], [[3, 6], 79.72644281], [[3, 7], 30.04548305], [[3, 8], 10.73727653], [[3, 9], 146.61096419], [[3, 10], 56.4438781], [[4, 5], 5.56506195], [[4, 6], 13.74353033], [[4, 7], 31.53408345], [[4, 8], 68.12746851], [[4, 9], 87.3139503], [[4, 10], 56.40948446], [[5, 6], 114.28392888], [[5, 7], 49.29095822], [[5, 8], 55.68462202], [[5, 9], 48.66533208], [[5, 10], 89.23759753], [[6, 7], 7.75686221], [[6, 8], 12.65940352], [[6, 9], 23.51066671], [[6, 10], 62.41524494], [[7, 8], 32.81549383], [[7, 9], 12.20867401], [[7, 10], 61.86457894], [[8, 9], 50.9320513], [[8, 10], 68.89794074], [[9, 10], 67.41802882]], 
"num_nodes": 10, 
"edges_existing": []}