{"edges_to_augment": [[[1, 2], 58.471071], [[1, 3], 2.99746014], [[1, 4], 62.3981211], [[1, 5], 59.95856867], [[1, 6], 22.08512161], [[1, 7], 86.32414872], [[1, 8], 86.42955864], [[1, 9], 47.61786455], [[1, 10], 26.5169707], [[2, 3], 61.00244379], [[2, 4], 16.82482011], [[2, 5], 86.41412234], [[2, 6], 35.27482321], [[2, 7], 45.44599291], [[2, 8], 45.15309961], [[2, 9], 17.72060895], [[2, 10], 5.28725136], [[3, 4], 19.19783874], [[3, 5], 23.48044521], [[3, 6], 29.35534711], [[3, 7], 81.65887258], [[3, 8], 61.90780733], [[3, 9], 121.84561922], [[3, 10], 51.9752509], [[4, 5], 3.12172048], [[4, 6], 90.91606363], [[4, 7], 60.15099301], [[4, 8], 112.81159905], [[4, 9], 150.69581169], [[4, 10], 22.96736873], [[5, 6], 84.4222021], [[5, 7], 112.83037532], [[5, 8], 153.13091862], [[5, 9], 33.77071808], [[5, 10], 24.54445356], [[6, 7], 21.15014344], [[6, 8], 48.91547723], [[6, 9], 37.38257458], [[6, 10], 55.64969068], [[7, 8], 21.70104526], [[7, 9], 52.19079988], [[7, 10], 46.57160027], [[8, 9], 67.37960053], [[8, 10], 58.21401889], [[9, 10], 56.28776809]], 
"num_nodes": 10, 
"edges_existing": []}