{"edges_to_augment": [[[1, 2], 85.53034425], [[1, 3], 3.51461417], [[1, 4], 46.03112302], [[1, 5], 41.58797417], [[1, 6], 53.35099396], [[1, 7], 34.39185113], [[1, 8], 64.64685516], [[1, 9], 16.40017586], [[1, 10], 36.84915164], [[2, 3], 77.75813471], [[2, 4], 16.70924365], [[2, 5], 103.37055389], [[2, 6], 40.78671795], [[2, 7], 46.16580079], [[2, 8], 60.4138915], [[2, 9], 12.51006024], [[2, 10], 21.20244809], [[3, 4], 22.99488353], [[3, 5], 18.80938842], [[3, 6], 101.91863017], [[3, 7], 84.77955432], [[3, 8], 37.14660209], [[3, 9], 47.1714934], [[3, 10], 51.84532143], [[4, 5], 3.82219014], [[4, 6], 94.70176277], [[4, 7], 53.91186215], [[4, 8], 161.76563759], [[4, 9], 59.08785924], [[4, 10], 43.09409319], [[5, 6], 80.15260085], [[5, 7], 112.32486661], [[5, 8], 147.13299126], [[5, 9], 102.26293743], [[5, 10], 36.28814603], [[6, 7], 41.0823433], [[6, 8], 20.15017255], [[6, 9], 20.97891139], [[6, 10], 48.50947619], [[7, 8], 35.79752289], [[7, 9], 17.97006046], [[7, 10], 55.0782528], [[8, 9], 41.75612094], [[8, 10], 65.22940233], [[9, 10], 17.13128615]], "num_nodes": 10, "edges_existing": []}