{"edges_to_augment": [[[1, 2], 35.02770329], [[1, 3], 19.61493506], [[1, 4], 97.77108162], [[1, 5], 65.7963663], [[1, 6], 74.72941499], [[1, 7], 30.68497071], [[1, 8], 32.3717361], [[1, 9], 58.8309179], [[1, 10], 37.48642129], [[2, 3], 54.36372754], [[2, 4], 19.69687513], [[2, 5], 62.0398524], [[2, 6], 53.52093135], [[2, 7], 60.70720916], [[2, 8], 23.61151194], [[2, 9], 75.79877557], [[2, 10], 32.915903], [[3, 4], 50.82742467], [[3, 5], 54.43409641], [[3, 6], 44.82708492], [[3, 7], 55.98013939], [[3, 8], 54.71132949], [[3, 9], 42.72296409], [[3, 10], 62.15696849], [[4, 5], 49.6591254], [[4, 6], 78.93760062], [[4, 7], 53.08557565], [[4, 8], 69.08652404], [[4, 9], 56.51195205], [[4, 10], 40.1857503], [[5, 6], 73.82235103], [[5, 7], 86.02285514], [[5, 8], 54.43083812], [[5, 9], 6.91575054], [[5, 10], 45.14793303], [[6, 7], 19.74056667], [[6, 8], 41.50288745], [[6, 9], 90.17735378], [[6, 10], 71.0767991], [[7, 8], 25.52406755], [[7, 9], 54.17185466], [[7, 10], 41.11542505], [[8, 9], 59.14627792], [[8, 10], 10.05326177], [[9, 10], 27.02532621]], 
"num_nodes": 10, 
"edges_existing": []}