{"edges_to_augment":[[[1,2],93.31646595],[[1,3],2.52746224],[[1,4],53.97124451],[[1,5],85.53437955],[[1,6],26.49812069],[[1,7],74.27686411],[[1,8],78.66060657],[[1,9],64.90819811],[[1,10],28.79078676],[[2,3],60.32702094],[[2,4],86.29684919],[[2,5],72.95170205],[[2,6],47.08258322],[[2,7],11.9586703],[[2,8],35.62960256],[[2,9],46.54728264],[[2,10],30.9977242],[[3,4],12.69287642],[[3,5],22.38365245],[[3,6],73.08800318],[[3,7],49.78748753],[[3,8],75.03128794],[[3,9],107.34826604],[[3,10],44.1955949],[[4,5],2.94911186],[[4,6],38.6687142],[[4,7],93.40232115],[[4,8],100.18030224],[[4,9],146.21745933],[[4,10],26.37051595],[[5,6],146.54201622],[[5,7],111.06940461],[[5,8],70.15349814],[[5,9],76.18515147],[[5,10],103.96852631],[[6,7],46.29737204],[[6,8],33.20612221],[[6,9],12.78608893],[[6,10],54.22057698],[[7,8],45.41843289],[[7,9],46.7905823],[[7,10],89.51906419],[[8,9],33.5879374],[[8,10],16.90306556],[[9,10],35.32385854]],"num_nodes":10,"edges_existing":[]}