{"edges_to_augment": [[[1, 2], 70.9907744], [[1, 3], 3.55654431], [[1, 4], 61.81167948], [[1, 5], 16.427556], [[1, 6], 32.87187645], [[1, 7], 80.20314893], [[1, 8], 15.58418101], [[1, 9], 59.09114098], [[1, 10], 31.37537611], [[2, 3], 84.49138014], [[2, 4], 96.73281154], [[2, 5], 55.65179523], [[2, 6], 5.32795229], [[2, 7], 31.31337299], [[2, 8], 33.55353844], [[2, 9], 41.90137087], [[2, 10], 29.90868661], [[3, 4], 23.74289543], [[3, 5], 15.69989273], [[3, 6], 19.97408748], [[3, 7], 120.58863971], [[3, 8], 44.95192888], [[3, 9], 108.88961752], [[3, 10], 42.50451422], [[4, 5], 3.07965388], [[4, 6], 77.47313677], [[4, 7], 123.82776225], [[4, 8], 31.69836261], [[4, 9], 73.98592726], [[4, 10], 93.74649626], [[5, 6], 114.60136019], [[5, 7], 80.69738786], [[5, 8], 113.51388789], [[5, 9], 28.02985955], [[5, 10], 79.98183723], [[6, 7], 58.06111261], [[6, 8], 49.0138162], [[6, 9], 31.27593219], [[6, 10], 18.33551074], [[7, 8], 19.28906451], [[7, 9], 22.52205485], [[7, 10], 25.4633176], [[8, 9], 15.29225889], [[8, 10], 38.05435062], [[9, 10], 49.2456039]], 
"num_nodes": 10, 
"edges_existing": []}