{"edges_to_augment": [[[1, 2], 15.6421002], [[1, 3], 12.01479646], [[1, 4], 64.36705813], [[1, 5], 71.28668121], [[1, 6], 65.81212288], [[1, 7], 52.59501413], [[1, 8], 74.85173375], [[1, 9], 24.87549276], [[1, 10], 2.48976263], [[2, 3], 12.6550059], [[2, 4], 50.93597832], [[2, 5], 83.09456897], [[2, 6], 78.20534455], [[2, 7], 39.48555424], [[2, 8], 49.04429132], [[2, 9], 33.37660417], [[2, 10], 47.26841793], [[3, 4], 43.47927108], [[3, 5], 30.21598452], [[3, 6], 28.50145622], [[3, 7], 34.02597704], [[3, 8], 29.95416866], [[3, 9], 38.21338209], [[3, 10], 93.02129215], [[4, 5], 8.40433591], [[4, 6], 22.70245259], [[4, 7], 91.23481745], [[4, 8], 40.10638472], [[4, 9], 19.73563089], [[4, 10], 43.77225492], [[5, 6], 70.06051819], [[5, 7], 45.81760194], [[5, 8], 37.87999137], [[5, 9], 52.26470411], [[5, 10], 21.67634757], [[6, 7], 33.82907723], [[6, 8], 11.48320134], [[6, 9], 49.1659958], [[6, 10], 39.72735373], [[7, 8], 44.64432638], [[7, 9], 6.68190231], [[7, 10], 14.86964555], [[8, 9], 4.11484969], [[8, 10], 61.16253111], [[9, 10], 41.65777856]], 
"num_nodes": 10, 
"edges_existing": []}