{"edges_to_augment": [[[1, 2], 106.03973475], [[1, 3], 3.22294032], [[1, 4], 30.7762726], [[1, 5], 59.68565857], [[1, 6], 18.31444466], [[1, 7], 21.82120726], [[1, 8], 65.59841509], [[1, 9], 27.92328812], [[1, 10], 34.77392336], [[2, 3], 67.91987227], [[2, 4], 83.94098324], [[2, 5], 28.09091398], [[2, 6], 53.53511371], [[2, 7], 14.3643262], [[2, 8], 57.23525852], [[2, 9], 32.67784043], [[2, 10], 17.63079068], [[3, 4], 13.5634742], [[3, 5], 43.92944907], [[3, 6], 21.70072043], [[3, 7], 80.04520836], [[3, 8], 34.49072673], [[3, 9], 102.39468809], [[3, 10], 100.16306359], [[4, 5], 3.36862079], [[4, 6], 78.12052016], [[4, 7], 102.4198945], [[4, 8], 112.68778948], [[4, 9], 139.60732573], [[4, 10], 66.7900654], [[5, 6], 63.00389834], [[5, 7], 131.46447302], [[5, 8], 83.56377614], [[5, 9], 45.36806954], [[5, 10], 74.30125947], [[6, 7], 52.41512981], [[6, 8], 19.50798344], [[6, 9], 29.95250864], [[6, 10], 35.58778648], [[7, 8], 37.46585281], [[7, 9], 18.75016541], [[7, 10], 38.43927054], [[8, 9], 32.92077582], [[8, 10], 98.39511177], [[9, 10], 70.42989886]], 
"num_nodes": 10, 
"edges_existing": []}