{"edges_to_augment": [[[1, 2], 122.37627781], [[1, 3], 1.52089028], [[1, 4], 57.02545347], [[1, 5], 40.59371479], [[1, 6], 56.97224398], [[1, 7], 25.27823125], [[1, 8], 14.75679323], [[1, 9], 35.85614267], [[1, 10], 13.67286717], [[2, 3], 23.3898335], [[2, 4], 71.95569769], [[2, 5], 68.8570892], [[2, 6], 64.46901736], [[2, 7], 11.70578453], [[2, 8], 41.08160636], [[2, 9], 55.79786489], [[2, 10], 53.73908341], [[3, 4], 30.14933746], [[3, 5], 30.36597409], [[3, 6], 34.62239453], [[3, 7], 58.78509267], [[3, 8], 18.42329991], [[3, 9], 64.176861], [[3, 10], 112.65105436], [[4, 5], 0.95718295], [[4, 6], 137.75548923], [[4, 7], 27.55889227], [[4, 8], 122.86398103], [[4, 9], 120.76741681], [[4, 10], 92.37985326], [[5, 6], 46.43783047], [[5, 7], 115.2863008], [[5, 8], 27.92041725], [[5, 9], 109.06297827], [[5, 10], 87.96691365], [[6, 7], 80.4424637], [[6, 8], 21.30979613], [[6, 9], 41.10071012], [[6, 10], 79.54954026], [[7, 8], 14.95466567], [[7, 9], 43.90403233], [[7, 10], 52.11195557], [[8, 9], 64.91708319], [[8, 10], 62.11963929], [[9, 10], 23.77082878]], 
"num_nodes": 10, 
"edges_existing": []}