{"edges_to_augment": [[[1, 2], 43.2718888203811], [[1, 3], 12.2139921755781], [[1, 4], 41.5380669250409], [[1, 5], 38.1075517848977], [[1, 6], 16.7449955454057], [[1, 7], 81.3742697781608], [[1, 8], 21.3156118232468], [[1, 9], 19.4965242526842], [[1, 10], 65.9322326914054], [[2, 3], 47.2747768015158], [[2, 4], 79.7910528794646], [[2, 5], 46.8700816071081], [[2, 6], 52.2285133567045], [[2, 7], 14.196643119016], [[2, 8], 46.6205322340385], [[2, 9], 70.5156418859863], [[2, 10], 47.5780045834154], [[3, 4], 71.5714568171416], [[3, 5], 50.2008347871541], [[3, 6], 96.4043695455278], [[3, 7], 52.5256742898044], [[3, 8], 50.1174898061559], [[3, 9], 52.2788554771112], [[3, 10], 50.9384218120307], [[4, 5], 91.8709374432432], [[4, 6], 30.275617745824], [[4, 7], 89.8619358279256], [[4, 8], 79.0900635895799], [[4, 9], 75.9404318192032], [[4, 10], 18.8085900861283], [[5, 6], 43.4070976905517], [[5, 7], 34.0918808076304], [[5, 8], 21.6135632843405], [[5, 9], 30.6599768392249], [[5, 10], 43.8451436304527], [[6, 7], 57.182542172035], [[6, 8], 44.4871036084158], [[6, 9], 47.8438265653582], [[6, 10], 6.84539480486353], [[7, 8], 70.1882664504852], [[7, 9], 33.379419543852], [[7, 10], 91.495149015635], [[8, 9], 21.5528243101866], [[8, 10], 67.3235489373576], [[9, 10], 15.8994437478207]], "num_nodes": 10, "edges_existing": []}