{"edges_to_augment": [[[1, 2], 69.37438256], [[1, 3], 82.13663133], [[1, 4], 35.20063736], [[1, 5], 4.340840133], [[1, 6], 72.05700441], [[1, 7], 60.24969673], [[1, 8], 51.01908297], [[1, 9], 54.82257468], [[1, 10], 3.920113738], [[2, 3], 31.1215177], [[2, 4], 11.50848588], [[2, 5], 65.17576965], [[2, 6], 74.98754318], [[2, 7], 70.46274424], [[2, 8], 38.47651602], [[2, 9], 52.46784348], [[2, 10], 18.48548895], [[3, 4], 72.19379003], [[3, 5], 51.99777888], [[3, 6], 8.33558083], [[3, 7], 23.8460027], [[3, 8], 65.16785346], [[3, 9], 30.8652143], [[3, 10], 70.96745924], [[4, 5], 17.63713581], [[4, 6], 54.65859263], [[4, 7], 20.8944163], [[4, 8], 55.51634288], [[4, 9], 57.22003388], [[4, 10], 48.85154053], [[5, 6], 44.44413992], [[5, 7], 44.55874575], [[5, 8], 71.57683431], [[5, 9], 15.69796053], [[5, 10], 74.13645608], [[6, 7], 24.78972278], [[6, 8], 47.55587387], [[6, 9], 8.78744521], [[6, 10], 53.52591195], [[7, 8], 76.83022727], [[7, 9], 4.8982637], [[7, 10], 83.66460563], [[8, 9], 22.37608539], [[8, 10], 9.277002973], [[9, 10], 81.52155685]], 
"num_nodes": 10, 
"edges_existing": []}