{"edges_to_augment": [[[1, 2], 28.5942219514074], [[1, 3], 39.2213320884581], [[1, 4], 54.9977639854592], [[1, 5], 51.093275573771], [[1, 6], 82.8108737678516], [[1, 7], 74.1883176291181], [[1, 8], 46.1149404800029], [[1, 9], 8.7217306171893], [[1, 10], 30.690734151789], [[2, 3], 51.2192853328872], [[2, 4], 40.8200843210882], [[2, 5], 68.9447225260661], [[2, 6], 54.6540284849463], [[2, 7], 51.6563132780729], [[2, 8], 84.8967452166448], [[2, 9], 25.845107634444], [[2, 10], 16.4634502644402], [[3, 4], 72.4465895644514], [[3, 5], 29.5341755585966], [[3, 6], 85.7746780965842], [[3, 7], 16.8394837208861], [[3, 8], 58.743304375593], [[3, 9], 56.8341987722351], [[3, 10], 78.1713170419771], [[4, 5], 57.747498475885], [[4, 6], 86.3538988902934], [[4, 7], 22.0365892482292], [[4, 8], 59.1201798277001], [[4, 9], 35.2539201593476], [[4, 10], 71.6589525356014], [[5, 6], 19.4044790870323], [[5, 7], 27.3890082666083], [[5, 8], 81.6319932826337], [[5, 9], 28.7015259352656], [[5, 10], 39.9473224260725], [[6, 7], 97.1234109426935], [[6, 8], 76.7849175014296], [[6, 9], 81.1627405493194], [[6, 10], 22.8294227693202], [[7, 8], 22.6349257789375], [[7, 9], 37.6780629716845], [[7, 10], 28.4523698811268], [[8, 9], 43.988972499993], [[8, 10], 36.4632852603892], [[9, 10], 30.7078492657729]], "num_nodes": 10, "edges_existing": []}