{"edges_to_augment": [[[1, 2], 31.78116206], [[1, 3], 69.18436128], [[1, 4], 48.79663924], [[1, 5], 24.88519747], [[1, 6], 21.65607468], [[1, 7], 26.50046195], [[1, 8], 74.50737838], [[1, 9], 26.88336939], [[1, 10], 79.14203671], [[2, 3], 72.4861716], [[2, 4], 44.05531846], [[2, 5], 18.78040762], [[2, 6], 71.46480687], [[2, 7], 8.35339145], [[2, 8], 73.75331402], [[2, 9], 16.50151219], [[2, 10], 54.68492869], [[3, 4], 26.59686804], [[3, 5], 51.42583226], [[3, 6], 72.93944655], [[3, 7], 54.73525765], [[3, 8], 88.5389803], [[3, 9], 27.35268009], [[3, 10], 44.13530075], [[4, 5], 45.52731381], [[4, 6], 34.37680897], [[4, 7], 70.18077393], [[4, 8], 84.30780816], [[4, 9], 42.8394952], [[4, 10], 61.44920212], [[5, 6], 86.59593524], [[5, 7], 33.1306314], [[5, 8], 96.75273645], [[5, 9], 46.91495041], [[5, 10], 28.1504436], [[6, 7], 51.85748503], [[6, 8], 38.54752864], [[6, 9], 14.84061119], [[6, 10], 43.72942961], [[7, 8], 15.19894637], [[7, 9], 29.41729778], [[7, 10], 34.03727929], [[8, 9], 83.90274927], [[8, 10], 25.70223208], [[9, 10], 12.73343309]], "num_nodes": 10, "edges_existing": []}