{"edges_to_augment": [[[1, 2], 38.653969674935], [[1, 3], 33.9696212702479], [[1, 4], 39.2683197564251], [[1, 5], 44.4783684662098], [[1, 6], 34.8401236197496], [[1, 7], 53.6408926159898], [[1, 8], 59.7995375584452], [[1, 9], 21.7573489054547], [[1, 10], 70.8379902505], [[2, 3], 12.1293972180289], [[2, 4], 72.2098378181632], [[2, 5], 64.8727319442729], [[2, 6], 26.739359088183], [[2, 7], 46.9069291115188], [[2, 8], 72.2252933097357], [[2, 9], 67.7744068773924], [[2, 10], 82.8272236023599], [[3, 4], 65.0521146547043], [[3, 5], 63.5725288111182], [[3, 6], 14.518710216617], [[3, 7], 51.7123314447849], [[3, 8], 31.4103378509911], [[3, 9], 68.9505590872572], [[3, 10], 35.8811115637272], [[4, 5], 31.3730534210355], [[4, 6], 56.4937574824071], [[4, 7], 17.572272875982], [[4, 8], 12.4227941885885], [[4, 9], 13.6896546742201], [[4, 10], 30.7129030009972], [[5, 6], 34.5050802581084], [[5, 7], 60.257549452376], [[5, 8], 16.903745955666], [[5, 9], 40.3477667921068], [[5, 10], 64.0223937996539], [[6, 7], 46.882114636339], [[6, 8], 24.3084540964035], [[6, 9], 17.8574449494118], [[6, 10], 34.2430960287722], [[7, 8], 6.33725625014939], [[7, 9], 47.69663884144], [[7, 10], 38.921273013955], [[8, 9], 63.6279725655706], [[8, 10], 11.2882153595853], [[9, 10], 52.2373497221594]], 
"num_nodes": 10, 
"edges_existing": []}