{"edges_to_augment": [[[1, 2], 17.4584263547753], [[1, 3], 25.3722834764827], [[1, 4], 37.0088155675659], [[1, 5], 65.8468642805218], [[1, 6], 27.9541815815214], [[1, 7], 32.473001208789], [[1, 8], 11.7698009767372], [[1, 9], 15.0985714845049], [[1, 10], 59.1481719130012], [[2, 3], 86.5478219882848], [[2, 4], 30.2490772849964], [[2, 5], 84.7773787618215], [[2, 6], 27.5638719204246], [[2, 7], 5.69112105591302], [[2, 8], 73.1532721167426], [[2, 9], 67.287803310878], [[2, 10], 10.8024544749419], [[3, 4], 35.0083077212503], [[3, 5], 39.023903329524], [[3, 6], 92.638173317989], [[3, 7], 29.1657540437989], [[3, 8], 50.0873169140535], [[3, 9], 28.1081147762131], [[3, 10], 11.0891347607547], [[4, 5], 10.2961544224544], [[4, 6], 42.3800278148485], [[4, 7], 13.6727731325441], [[4, 8], 3.6638438249086], [[4, 9], 79.0637665557034], [[4, 10], 10.3077289546605], [[5, 6], 82.9344024700563], [[5, 7], 70.5016280137917], [[5, 8], 39.8097912914201], [[5, 9], 55.2986864800794], [[5, 10], 45.8561105441095], [[6, 7], 54.4757632139831], [[6, 8], 7.82105202523251], [[6, 9], 55.0268355004385], [[6, 10], 6.37348112778984], [[7, 8], 74.3816733147548], [[7, 9], 55.3132529802371], [[7, 10], 36.5747307365962], [[8, 9], 21.5846743523642], [[8, 10], 14.513469027051], [[9, 10], 9.27684567759357]], 
"num_nodes": 10, 
"edges_existing": []}