{"edges_to_augment": [[[1, 2], 75.9987541818322], [[1, 3], 54.7765651040208], [[1, 4], 77.131987148217], [[1, 5], 7.42460387710611], [[1, 6], 64.0789612627526], [[1, 7], 28.7241293372522], [[1, 8], 62.3825038817106], [[1, 9], 53.5968878637058], [[1, 10], 78.2442077200473], [[2, 3], 52.5163145384806], [[2, 4], 61.3349172409516], [[2, 5], 58.6941624715058], [[2, 6], 32.8197984282888], [[2, 7], 69.7149374972822], [[2, 8], 48.7644352174848], [[2, 9], 23.5763736564232], [[2, 10], 11.7802117257754], [[3, 4], 87.2649787087598], [[3, 5], 68.3390352287236], [[3, 6], 59.0188157581857], [[3, 7], 10.7092489577192], [[3, 8], 35.9844093185194], [[3, 9], 40.9650459223044], [[3, 10], 53.2882992089802], [[4, 5], 17.5138076526553], [[4, 6], 62.3903082665402], [[4, 7], 22.8721756800592], [[4, 8], 63.9017629333818], [[4, 9], 28.5687280098082], [[4, 10], 58.6223577740049], [[5, 6], 43.5201351309834], [[5, 7], 44.5301722987831], [[5, 8], 26.5584705233485], [[5, 9], 47.1719792038241], [[5, 10], 68.8144933330504], [[6, 7], 38.8839304632972], [[6, 8], 9.2757662058126], [[6, 9], 25.9113712150878], [[6, 10], 28.653993257246], [[7, 8], 57.2250746801889], [[7, 9], 8.34976013499306], [[7, 10], 67.6144605094421], [[8, 9], 24.3430900205403], [[8, 10], 70.0579174455536], [[9, 10], 48.1330713450727]], 
"num_nodes": 10, 
"edges_existing": []}