{"edges_to_augment": [[[1, 2], 41.450929996886], [[1, 3], 77.0822411176949], [[1, 4], 51.0065722101704], [[1, 5], 39.7885067630173], [[1, 6], 57.9840581194321], [[1, 7], 43.1709771521651], [[1, 8], 60.7711413923918], [[1, 9], 51.5771773088866], [[1, 10], 11.4033731504499], [[2, 3], 77.7656499118527], [[2, 4], 16.5486945517351], [[2, 5], 19.76056266598], [[2, 6], 49.0095405641251], [[2, 7], 21.3399628633013], [[2, 8], 36.2778560293407], [[2, 9], 44.600633683641], [[2, 10], 6.30946069492351], [[3, 4], 52.2840462979312], [[3, 5], 62.1531461222792], [[3, 6], 46.1669735052787], [[3, 7], 5.46792497811648], [[3, 8], 70.0367936561886], [[3, 9], 42.2121029720749], [[3, 10], 69.4678653302336], [[4, 5], 13.9817436112379], [[4, 6], 34.6061963688194], [[4, 7], 84.0622086906543], [[4, 8], 55.3781258714632], [[4, 9], 19.2149964943632], [[4, 10], 78.5984251675903], [[5, 6], 29.1784432752499], [[5, 7], 51.6776666663242], [[5, 8], 34.1259713923037], [[5, 9], 5.88732253074654], [[5, 10], 46.0108916063073], [[6, 7], 60.6298805201184], [[6, 8], 6.79834396594885], [[6, 9], 78.9395906341716], [[6, 10], 88.8027151605855], [[7, 8], 49.315691608278], [[7, 9], 37.0307712016453], [[7, 10], 80.6749351137589], [[8, 9], 51.7632027984932], [[8, 10], 58.1716413906366], [[9, 10], 50.4645952045159]], 
"num_nodes": 10, 
"edges_existing": []}