{"edges_to_augment":[[[1,2],107.20780557],[[1,3],3.40613205],[[1,4],87.97841801],[[1,5],64.91379199],[[1,6],20.75340539],[[1,7],62.16579021],[[1,8],53.80339761],[[1,9],27.42703434],[[1,10],25.67210827],[[2,3],77.45836169],[[2,4],12.67150157],[[2,5],68.19889963],[[2,6],62.84951232],[[2,7],44.66976233],[[2,8],59.03601345],[[2,9],36.66877502],[[2,10],34.06565611],[[3,4],15.80854699],[[3,5],31.87455804],[[3,6],66.29216747],[[3,7],39.83673706],[[3,8],17.27005895],[[3,9],40.37538123],[[3,10],96.17164666],[[4,5],3.44808333],[[4,6],88.78949533],[[4,7],92.43348856],[[4,8],143.33626809],[[4,9],112.91767472],[[4,10],93.1487255],[[5,6],70.82996381],[[5,7],15.61644506],[[5,8],88.45652167],[[5,9],119.2244427],[[5,10],57.52598878],[[6,7],8.48337905],[[6,8],21.69815443],[[6,9],53.27657158],[[6,10],26.15012958],[[7,8],55.07633719],[[7,9],53.10358364],[[7,10],65.44904666],[[8,9],61.07800269],[[8,10],67.91654182],[[9,10],38.27350417]],
"num_nodes":10,
"edges_existing":[]}