{"edges_to_augment": [[[1, 2], 72.9419594597587], [[1, 3], 61.4349578786699], [[1, 4], 10.3278947079821], [[1, 5], 38.8431636449519], [[1, 6], 46.8038331310905], [[1, 7], 63.1610100382101], [[1, 8], 51.0748494248593], [[1, 9], 54.0749407197262], [[1, 10], 18.5693341020209], [[2, 3], 78.3127316433857], [[2, 4], 86.7836975941157], [[2, 5], 89.2421255093684], [[2, 6], 85.6280924133007], [[2, 7], 29.5575074573647], [[2, 8], 57.4580367530503], [[2, 9], 95.8805950877391], [[2, 10], 74.2982809586816], [[3, 4], 27.9340492985738], [[3, 5], 7.62681551622301], [[3, 6], 62.5254102390015], [[3, 7], 62.4604821688877], [[3, 8], 83.9494484321719], [[3, 9], 39.8949567053451], [[3, 10], 39.2139663128306], [[4, 5], 62.4798589785783], [[4, 6], 42.9378888828645], [[4, 7], 96.7577483342362], [[4, 8], 32.1666516863157], [[4, 9], 46.6236519249385], [[4, 10], 15.075087590662], [[5, 6], 77.0746680882155], [[5, 7], 42.4582633675281], [[5, 8], 51.8791637151464], [[5, 9], 74.1205228873317], [[5, 10], 46.7686151552802], [[6, 7], 53.0381203230782], [[6, 8], 9.7283039701964], [[6, 9], 15.769299806987], [[6, 10], 20.2738979078443], [[7, 8], 26.4091337709882], [[7, 9], 21.3806475478144], [[7, 10], 37.8942026517103], [[8, 9], 64.6459770418467], [[8, 10], 28.635804549138], [[9, 10], 54.0903706066166]], "num_nodes": 10, "edges_existing": []}