{"edges_to_augment": [[[1, 2], 38.8652799573525], [[1, 3], 79.3429164920808], [[1, 4], 56.6691812108858], [[1, 5], 33.6991126520814], [[1, 6], 45.5800867376452], [[1, 7], 42.8556482538359], [[1, 8], 12.6369804810193], [[1, 9], 67.4422713460524], [[1, 10], 35.5347313882526], [[2, 3], 11.8845381100785], [[2, 4], 78.5118974570818], [[2, 5], 47.8336671561328], [[2, 6], 65.6288124267212], [[2, 7], 27.5076876624417], [[2, 8], 49.1288515987097], [[2, 9], 52.8085164718886], [[2, 10], 15.0447678310144], [[3, 4], 78.3676589198561], [[3, 5], 2.27062996505207], [[3, 6], 69.0916347899221], [[3, 7], 16.1780976528383], [[3, 8], 89.1218096010451], [[3, 9], 41.0741123654025], [[3, 10], 51.7153955157627], [[4, 5], 66.9307057607147], [[4, 6], 14.4452227194856], [[4, 7], 44.5248629389808], [[4, 8], 50.0742255348726], [[4, 9], 43.4037133220076], [[4, 10], 53.9414162469233], [[5, 6], 69.072298580474], [[5, 7], 16.2001537848271], [[5, 8], 51.1269907598768], [[5, 9], 5.96749757168434], [[5, 10], 39.2712438894659], [[6, 7], 57.4140213222761], [[6, 8], 64.238462014281], [[6, 9], 8.96601293163284], [[6, 10], 47.4585226659821], [[7, 8], 24.6254049820328], [[7, 9], 71.6020632667406], [[7, 10], 45.0569253650901], [[8, 9], 61.3293038647462], [[8, 10], 70.8062792368814], [[9, 10], 8.83726539274347]], 
"num_nodes": 10, 
"edges_existing": []}