{"edges_to_augment": [[[1, 2], 23.6407753339039], [[1, 3], 38.0893155309073], [[1, 4], 74.1053420509504], [[1, 5], 50.2427664415464], [[1, 6], 82.2661892266865], [[1, 7], 51.4408989121319], [[1, 8], 7.70058045839309], [[1, 9], 67.1280986946573], [[1, 10], 71.408501431865], [[2, 3], 37.3302699814577], [[2, 4], 67.9389598662651], [[2, 5], 42.3229194729426], [[2, 6], 17.4388211959394], [[2, 7], 26.3174859939034], [[2, 8], 50.2837535827536], [[2, 9], 49.854594815973], [[2, 10], 36.8019094750391], [[3, 4], 53.7256181913085], [[3, 5], 65.2719326310657], [[3, 6], 37.9462754444815], [[3, 7], 33.6296749236816], [[3, 8], 35.8977241240464], [[3, 9], 37.3556992109581], [[3, 10], 5.42841731393509], [[4, 5], 69.1577437282415], [[4, 6], 52.6757535224966], [[4, 7], 22.8614402189219], [[4, 8], 73.2789431396736], [[4, 9], 70.5584497477255], [[4, 10], 71.9716749838462], [[5, 6], 19.8367292727669], [[5, 7], 21.61772434902], [[5, 8], 23.3468804421823], [[5, 9], 46.2387734115327], [[5, 10], 31.7962651710752], [[6, 7], 28.4456798997972], [[6, 8], 71.7041202871704], [[6, 9], 19.9450790447624], [[6, 10], 31.2533527149433], [[7, 8], 43.3954049647649], [[7, 9], 62.1505234403128], [[7, 10], 46.482793978383], [[8, 9], 64.620398024644], [[8, 10], 38.9847643692006], [[9, 10], 20.6358114954822]], 
"num_nodes": 10, 
"edges_existing": []}