{"edges_to_augment": [[[1, 2], 45.1402517103539], [[1, 3], 55.4747172151326], [[1, 4], 38.6263882826044], [[1, 5], 39.2002223377339], [[1, 6], 23.6115702042063], [[1, 7], 69.9231287131054], [[1, 8], 19.1831247214132], [[1, 9], 44.173556053797], [[1, 10], 37.6577917303672], [[2, 3], 40.2150453630905], [[2, 4], 72.2633375808621], [[2, 5], 32.2927514470476], [[2, 6], 21.1866109723194], [[2, 7], 68.7215097002386], [[2, 8], 58.165328845602], [[2, 9], 52.5009316531063], [[2, 10], 22.8196935098986], [[3, 4], 37.4384081064691], [[3, 5], 48.1683765260166], [[3, 6], 48.6122847800063], [[3, 7], 65.1468515793263], [[3, 8], 80.693115316577], [[3, 9], 67.8441245857925], [[3, 10], 5.94223074210057], [[4, 5], 58.6612160696338], [[4, 6], 48.0700410105937], [[4, 7], 69.2932935626735], [[4, 8], 23.9440325752954], [[4, 9], 58.3252624904602], [[4, 10], 47.2917017947125], [[5, 6], 41.3414962607875], [[5, 7], 23.8985743029991], [[5, 8], 41.0121456853471], [[5, 9], 94.4693786986067], [[5, 10], 24.1796888020165], [[6, 7], 89.852817377845], [[6, 8], 42.1353176928504], [[6, 9], 33.0777407256], [[6, 10], 52.1952537802617], [[7, 8], 76.0503707334573], [[7, 9], 76.2629285566202], [[7, 10], 34.0065762480216], [[8, 9], 22.3582338608969], [[8, 10], 44.2631314917826], [[9, 10], 35.4092294096505]], "num_nodes": 10, "edges_existing": []}