{"edges_to_augment": [[[1, 2], 34.4916804077283], [[1, 3], 47.0369981710832], [[1, 4], 35.5036915155737], [[1, 5], 78.2727108603271], [[1, 6], 17.8185097014465], [[1, 7], 56.0266444703386], [[1, 8], 77.3969324921321], [[1, 9], 68.7281245508119], [[1, 10], 71.2756555498529], [[2, 3], 19.2962126422178], [[2, 4], 34.0666391933635], [[2, 5], 61.6535400552383], [[2, 6], 60.4945227346589], [[2, 7], 64.6079460624021], [[2, 8], 60.6231806854237], [[2, 9], 89.6899456399127], [[2, 10], 66.817118855237], [[3, 4], 67.1807905023133], [[3, 5], 74.712012885619], [[3, 6], 38.3702081878748], [[3, 7], 65.9024134251652], [[3, 8], 62.1561875400192], [[3, 9], 47.7040354852204], [[3, 10], 20.3985625263875], [[4, 5], 72.2027648739096], [[4, 6], 47.0010109570044], [[4, 7], 32.6837447534353], [[4, 8], 23.7480856606567], [[4, 9], 59.8317761819501], [[4, 10], 69.4321974819338], [[5, 6], 39.1364557399439], [[5, 7], 89.9587972395629], [[5, 8], 78.4895055987461], [[5, 9], 68.8963533395993], [[5, 10], 23.1799933580897], [[6, 7], 97.8116408556136], [[6, 8], 49.6108600821388], [[6, 9], 26.7597749145955], [[6, 10], 37.0633897260306], [[7, 8], 11.5008206967148], [[7, 9], 59.8166155802564], [[7, 10], 55.3392199612849], [[8, 9], 24.1881737204588], [[8, 10], 28.6362259276066], [[9, 10], 31.7846073755935]], "num_nodes": 10, "edges_existing": []}