{"edges_to_augment": [[[1, 2], 23.8910297866997], [[1, 3], 46.466126516361], [[1, 4], 3.31660109722413], [[1, 5], 60.8849879074187], [[1, 6], 52.6542065203766], [[1, 7], 48.068569477003], [[1, 8], 52.0059231964786], [[1, 9], 88.6817603311347], [[1, 10], 43.9894978178869], [[2, 3], 61.2888709431746], [[2, 4], 50.1329861911331], [[2, 5], 5.26126396874457], [[2, 6], 18.6212602306589], [[2, 7], 47.2063230863334], [[2, 8], 50.6064310153348], [[2, 9], 64.9814841681543], [[2, 10], 76.8060218360544], [[3, 4], 78.0973059507645], [[3, 5], 8.55209566285539], [[3, 6], 65.3396995177774], [[3, 7], 60.2324498223206], [[3, 8], 40.3340920765284], [[3, 9], 31.7983180507427], [[3, 10], 86.2496192865796], [[4, 5], 71.8416612957847], [[4, 6], 19.0624131869982], [[4, 7], 35.5818482514337], [[4, 8], 55.5583033312701], [[4, 9], 37.0500153172576], [[4, 10], 22.7101056239181], [[5, 6], 25.0517463941514], [[5, 7], 47.4215694967308], [[5, 8], 54.8763968395216], [[5, 9], 10.8467947747245], [[5, 10], 20.0540699092264], [[6, 7], 42.7499255708204], [[6, 8], 14.6111458212714], [[6, 9], 61.5653425814763], [[6, 10], 46.8326769070462], [[7, 8], 60.5308925934923], [[7, 9], 63.0575350228105], [[7, 10], 7.40528978304976], [[8, 9], 27.5529619670904], [[8, 10], 69.2497934492407], [[9, 10], 82.8092796592033]], 
"num_nodes": 10, 
"edges_existing": []}