{"edges_to_augment": [[[1, 2], 24.3894425714292], [[1, 3], 43.0297872692666], [[1, 4], 73.114653398614], [[1, 5], 20.7962981694375], [[1, 6], 75.861071520233], [[1, 7], 73.9117583314592], [[1, 8], 79.5165641116844], [[1, 9], 78.0981625186072], [[1, 10], 53.6819698029861], [[2, 3], 28.8203143161904], [[2, 4], 27.9937373771985], [[2, 5], 45.1651135245075], [[2, 6], 73.7042698171857], [[2, 7], 25.1684281200153], [[2, 8], 66.7239497693897], [[2, 9], 41.0609266189783], [[2, 10], 19.8348072343994], [[3, 4], 14.7096441452276], [[3, 5], 47.422265857802], [[3, 6], 37.7673680709685], [[3, 7], 38.529152713805], [[3, 8], 57.876537238088], [[3, 9], 70.7746107883013], [[3, 10], 58.4389967427456], [[4, 5], 31.2394169357814], [[4, 6], 47.2739877354161], [[4, 7], 28.9910633273815], [[4, 8], 57.5259217640904], [[4, 9], 43.4582401887714], [[4, 10], 52.4925451236586], [[5, 6], 48.203711370913], [[5, 7], 35.3474720199536], [[5, 8], 54.2741170086998], [[5, 9], 11.7952011428679], [[5, 10], 43.2196823903785], [[6, 7], 38.5687039181813], [[6, 8], 4.11799836993729], [[6, 9], 65.1965442319902], [[6, 10], 58.2197967842588], [[7, 8], 60.5344206813695], [[7, 9], 62.3337820154739], [[7, 10], 76.7611429497056], [[8, 9], 17.1366588585817], [[8, 10], 15.9813497365425], [[9, 10], 45.6025306200456]], 
"num_nodes": 10, 
"edges_existing": []}