{"edges_to_augment": [[[1, 2], 53.6530243059064], [[1, 3], 54.6562753687557], [[1, 4], 50.658964039293], [[1, 5], 92.4304375356034], [[1, 6], 29.7846989373981], [[1, 7], 35.3344776853997], [[1, 8], 22.0945769591435], [[1, 9], 31.4262155347209], [[1, 10], 53.5707400555517], [[2, 3], 58.5884830196843], [[2, 4], 10.8823597122493], [[2, 5], 18.0945658781799], [[2, 6], 87.408804488516], [[2, 7], 20.2823944306341], [[2, 8], 51.6855573743999], [[2, 9], 71.2580829827948], [[2, 10], 55.7249657397062], [[3, 4], 10.2908163564707], [[3, 5], 30.4631109643888], [[3, 6], 60.1822439232924], [[3, 7], 75.0476490155199], [[3, 8], 85.0939336697311], [[3, 9], 78.1487936278428], [[3, 10], 74.9826888897481], [[4, 5], 21.6349532561019], [[4, 6], 36.6736834303618], [[4, 7], 93.5907721152691], [[4, 8], 48.765248206874], [[4, 9], 83.1340659539599], [[4, 10], 66.2175363015422], [[5, 6], 55.317588758342], [[5, 7], 49.5831175431326], [[5, 8], 33.6247617648951], [[5, 9], 68.7331503879539], [[5, 10], 63.4552044849576], [[6, 7], 56.8253907855724], [[6, 8], 38.1348006076457], [[6, 9], 19.1835201615351], [[6, 10], 18.0024196462023], [[7, 8], 41.2437069238319], [[7, 9], 89.4874759012367], [[7, 10], 87.3088334297588], [[8, 9], 91.2366980660617], [[8, 10], 83.4806057406237], [[9, 10], 70.1708977684552]], 
"num_nodes": 10, 
"edges_existing": []}