{"edges_to_augment": [[[1, 2], 72.6541093464238], [[1, 3], 52.9691475027224], [[1, 4], 9.86765128075832], [[1, 5], 54.1847212750225], [[1, 6], 31.8651738806104], [[1, 7], 45.8396653673772], [[1, 8], 33.9914432767409], [[1, 9], 47.486451594226], [[1, 10], 54.679610286381], [[2, 3], 76.1004657766562], [[2, 4], 91.6525180037642], [[2, 5], 44.4270783204325], [[2, 6], 12.7895096405318], [[2, 7], 36.9469402360234], [[2, 8], 49.7089467317932], [[2, 9], 54.3971863830507], [[2, 10], 19.3765657654622], [[3, 4], 34.1811397540318], [[3, 5], 73.839841434242], [[3, 6], 12.1337937772381], [[3, 7], 76.5433708077231], [[3, 8], 48.6925842984634], [[3, 9], 16.8690005207169], [[3, 10], 97.804310419062], [[4, 5], 35.27163610692], [[4, 6], 7.3630549189053], [[4, 7], 92.3760523919154], [[4, 8], 51.7409990319183], [[4, 9], 34.750903677753], [[4, 10], 65.5011429048096], [[5, 6], 82.6415653337172], [[5, 7], 41.4772696971562], [[5, 8], 23.8276640147749], [[5, 9], 7.35578462619873], [[5, 10], 27.6935140486462], [[6, 7], 87.5982269182948], [[6, 8], 55.3085074208063], [[6, 9], 69.6421119669213], [[6, 10], 26.8649190388675], [[7, 8], 15.3519952911415], [[7, 9], 48.1414219026291], [[7, 10], 39.2844466301002], [[8, 9], 10.6225118450958], [[8, 10], 41.031107206454], [[9, 10], 14.2351311245595]], "num_nodes": 10, "edges_existing": []}