{"edges_to_augment": [[[1, 2], 57.5135141502123], [[1, 3], 49.7369982132418], [[1, 4], 35.1389711273538], [[1, 5], 24.7714934401362], [[1, 6], 76.2747393025652], [[1, 7], 45.7360786888514], [[1, 8], 5.35879008741392], [[1, 9], 40.990960072726], [[1, 10], 20.5373399577181], [[2, 3], 38.6827672322505], [[2, 4], 19.1268110066472], [[2, 5], 7.64045669390844], [[2, 6], 45.2124983031247], [[2, 7], 59.0011034445461], [[2, 8], 38.9071692208615], [[2, 9], 76.2697688467921], [[2, 10], 32.7447861136361], [[3, 4], 20.6293643339548], [[3, 5], 50.2196829707529], [[3, 6], 18.1881781437683], [[3, 7], 93.2670662129578], [[3, 8], 44.0628852944176], [[3, 9], 80.3235729390312], [[3, 10], 34.7271807533012], [[4, 5], 27.7287781011335], [[4, 6], 81.7683787549741], [[4, 7], 43.2224267280281], [[4, 8], 28.9313592723136], [[4, 9], 51.1222562668539], [[4, 10], 58.6879151961379], [[5, 6], 48.5174259417657], [[5, 7], 35.3283252620177], [[5, 8], 37.8748843365734], [[5, 9], 76.129148045117], [[5, 10], 40.8265718644471], [[6, 7], 50.3349142651968], [[6, 8], 63.4613599780346], [[6, 9], 93.2553035234197], [[6, 10], 36.773923847129], [[7, 8], 47.0330289192254], [[7, 9], 15.4132255863043], [[7, 10], 18.5377529149399], [[8, 9], 62.57481521598], [[8, 10], 42.9156249564455], [[9, 10], 52.6021337771197]], "num_nodes": 10, "edges_existing": []}