{"num_nodes":10,"new_data":{"edge_weights":[]},"old_data":{"edge_weights":[[[1,2],98.01458921],[[1,3],5.04054208],[[1,4],61.94063671],[[1,5],81.06943375],[[1,6],48.515458],[[1,7],56.16864686],[[1,8],37.8716501],[[1,9],62.17319539],[[1,10],34.97781267],[[2,3],39.33957223],[[2,4],45.23342341],[[2,5],74.34467868],[[2,6],55.38989391],[[2,7],6.67979648],[[2,8],12.73217755],[[2,9],8.65649416],[[2,10],27.6109881],[[3,4],21.84561105],[[3,5],19.46279229],[[3,6],77.6481928],[[3,7],76.20980412],[[3,8],17.84335822],[[3,9],43.12030598],[[3,10],99.10252701],[[4,5],4.43647205],[[4,6],52.05890142],[[4,7],137.54203996],[[4,8],58.65867084],[[4,9],115.87547371],[[4,10],62.55610717],[[5,6],50.04844018],[[5,7],114.32116014],[[5,8],112.66880911],[[5,9],89.34792121],[[5,10],65.56134716],[[6,7],9.72804693],[[6,8],35.85366608],[[6,9],35.72556872],[[6,10],86.6436514],[[7,8],38.11907022],[[7,9],19.8928805],[[7,10],44.2268139],[[8,9],59.29312135],[[8,10],36.72580632],[[9,10],13.37121191]]}}
