{"edges_to_augment": [[[1, 2], 60.4625719572611], [[1, 3], 11.6740146773325], [[1, 4], 88.4817018024715], [[1, 5], 27.3114654885259], [[1, 6], 45.4162459291043], [[1, 7], 49.9621949130617], [[1, 8], 49.4887066570261], [[1, 9], 54.6534082069384], [[1, 10], 19.7393554972386], [[2, 3], 55.753481964555], [[2, 4], 8.49788415822019], [[2, 5], 82.0158445484133], [[2, 6], 44.5585445909744], [[2, 7], 45.353685602391], [[2, 8], 52.8693162585548], [[2, 9], 84.0104942825996], [[2, 10], 65.2207443408341], [[3, 4], 57.3852181394226], [[3, 5], 42.8389308214778], [[3, 6], 18.7393593892567], [[3, 7], 10.1624780362476], [[3, 8], 64.7394592338324], [[3, 9], 70.7846730470359], [[3, 10], 89.601561057907], [[4, 5], 93.0885966693204], [[4, 6], 64.246666047546], [[4, 7], 53.6211546192105], [[4, 8], 70.8670144917606], [[4, 9], 84.738972329191], [[4, 10], 90.4206004790367], [[5, 6], 13.6079291564805], [[5, 7], 24.8220946969826], [[5, 8], 37.5997622117807], [[5, 9], 57.134072097771], [[5, 10], 51.0489045164289], [[6, 7], 46.9955353905521], [[6, 8], 24.8926078947465], [[6, 9], 44.928582262525], [[6, 10], 72.2245988091326], [[7, 8], 20.7497939151269], [[7, 9], 40.6213012519992], [[7, 10], 63.6256061449432], [[8, 9], 56.0626479088284], [[8, 10], 25.9755475677924], [[9, 10], 18.6839476307833]], 
"num_nodes": 10, 
"edges_existing": []}