{"edges_to_augment": [[[1, 2], 41.2268502447103], [[1, 3], 65.8399569039739], [[1, 4], 78.8706640306583], [[1, 5], 24.3491618607717], [[1, 6], 52.7130515760355], [[1, 7], 68.6498939101575], [[1, 8], 23.1802066113853], [[1, 9], 29.546792167117], [[1, 10], 58.8290012625489], [[2, 3], 75.153178968097], [[2, 4], 81.3167750033136], [[2, 5], 72.0586760058602], [[2, 6], 52.8074232205294], [[2, 7], 50.5797760097377], [[2, 8], 32.0691161817247], [[2, 9], 21.0930465398915], [[2, 10], 56.4849192987214], [[3, 4], 78.3456627035574], [[3, 5], 26.912538991014], [[3, 6], 44.9996229391049], [[3, 7], 32.7435175727223], [[3, 8], 17.1656457030125], [[3, 9], 58.1453394604691], [[3, 10], 51.1523280480215], [[4, 5], 15.6519716850899], [[4, 6], 57.9162807253089], [[4, 7], 43.5744917441017], [[4, 8], 57.1358735341636], [[4, 9], 81.5791639231408], [[4, 10], 77.8981583572467], [[5, 6], 7.51938708739813], [[5, 7], 45.5897577247758], [[5, 8], 34.8084327704334], [[5, 9], 58.9088853262166], [[5, 10], 48.4873788512826], [[6, 7], 58.0275198324156], [[6, 8], 23.103306106452], [[6, 9], 88.1547572529908], [[6, 10], 65.0909181877139], [[7, 8], 35.7947956837569], [[7, 9], 62.0570251543202], [[7, 10], 13.2599903006462], [[8, 9], 37.2564869248226], [[8, 10], 51.1913029817937], [[9, 10], 16.7187157138863]], 
"num_nodes": 10, 
"edges_existing": []}