{"edges_to_augment": [[[1, 2], 72.5095721920522], [[1, 3], 20.3021955387428], [[1, 4], 41.8874395658155], [[1, 5], 27.8319097544537], [[1, 6], 52.6813273778512], [[1, 7], 73.4944246521237], [[1, 8], 26.4142377091161], [[1, 9], 29.58200883743], [[1, 10], 19.3145252846141], [[2, 3], 32.3843360493584], [[2, 4], 40.0662823745067], [[2, 5], 85.9033452605808], [[2, 6], 14.0877506003692], [[2, 7], 43.2442346194978], [[2, 8], 43.8476429462995], [[2, 9], 66.6348341017687], [[2, 10], 68.2952777941763], [[3, 4], 46.0281743762176], [[3, 5], 59.8011654358411], [[3, 6], 4.6218454792549], [[3, 7], 54.0262396526114], [[3, 8], 36.6458313583094], [[3, 9], 41.2869440202646], [[3, 10], 48.7769105411606], [[4, 5], 50.4855735307055], [[4, 6], 46.9187884898132], [[4, 7], 9.51651735842621], [[4, 8], 39.0139339245392], [[4, 9], 58.4775691901723], [[4, 10], 78.5437526886954], [[5, 6], 74.7159996960653], [[5, 7], 75.5316855495871], [[5, 8], 65.8081104961339], [[5, 9], 17.6883277456642], [[5, 10], 75.6098460374819], [[6, 7], 60.8539861374113], [[6, 8], 57.1372973433266], [[6, 9], 42.2046743903276], [[6, 10], 27.482801437981], [[7, 8], 77.6500653355594], [[7, 9], 15.5096523684249], [[7, 10], 34.5040890187382], [[8, 9], 29.4420728909121], [[8, 10], 12.2695321055493], [[9, 10], 26.624474426004]], 
"num_nodes": 10, 
"edges_existing": []}