{"edges_to_augment": [[[1, 2], 16.5878985017156], [[1, 3], 45.6782229483821], [[1, 4], 51.101767359023], [[1, 5], 52.8699909965457], [[1, 6], 18.6638441538829], [[1, 7], 68.0975129095461], [[1, 8], 48.7929848121492], [[1, 9], 26.5350759831804], [[1, 10], 16.7868110087287], [[2, 3], 61.5055426865735], [[2, 4], 30.6789919261468], [[2, 5], 35.4569595010581], [[2, 6], 38.1567522535051], [[2, 7], 47.7496147253706], [[2, 8], 47.6356428144687], [[2, 9], 83.4046019918269], [[2, 10], 50.6083568897563], [[3, 4], 59.238367234343], [[3, 5], 46.8891462413652], [[3, 6], 16.5609064406604], [[3, 7], 53.2622685917943], [[3, 8], 63.3344729349046], [[3, 9], 29.9691754540858], [[3, 10], 72.8664662524995], [[4, 5], 58.0893333028314], [[4, 6], 34.5738086569441], [[4, 7], 16.1255874015013], [[4, 8], 14.1700990578337], [[4, 9], 62.8748346405523], [[4, 10], 96.6359872227827], [[5, 6], 58.3256534299477], [[5, 7], 56.9711008976744], [[5, 8], 44.3882071808677], [[5, 9], 18.1587563756782], [[5, 10], 66.2854121880152], [[6, 7], 68.7558477459553], [[6, 8], 72.5229234208634], [[6, 9], 89.4659824243624], [[6, 10], 98.9954173302259], [[7, 8], 36.3734875348049], [[7, 9], 65.3078042237043], [[7, 10], 52.8390105341393], [[8, 9], 51.9901372114739], [[8, 10], 33.03059449147], [[9, 10], 72.9931970626895]], 
"num_nodes": 10, 
"edges_existing": []}