{"edges_to_augment": [[[1, 2], 24.4150292327088], [[1, 3], 85.5862014955326], [[1, 4], 56.5783603784972], [[1, 5], 68.9987155835852], [[1, 6], 39.6069886124158], [[1, 7], 40.2673505026987], [[1, 8], 32.2431824068462], [[1, 9], 33.4812126028632], [[1, 10], 70.1641128527307], [[2, 3], 46.899499898534], [[2, 4], 45.9702056933558], [[2, 5], 24.8520655274777], [[2, 6], 14.0080920701951], [[2, 7], 50.8952677797904], [[2, 8], 63.107802556498], [[2, 9], 22.570478923879], [[2, 10], 38.8062468790878], [[3, 4], 94.1281076951095], [[3, 5], 86.6313379312085], [[3, 6], 79.3413375527148], [[3, 7], 90.7917943048967], [[3, 8], 87.7875260310625], [[3, 9], 26.1613621771656], [[3, 10], 48.4396108254031], [[4, 5], 45.2826186739879], [[4, 6], 20.8715866318196], [[4, 7], 81.2681136545728], [[4, 8], 7.32731381335542], [[4, 9], 10.5954675176225], [[4, 10], 45.8447028286657], [[5, 6], 50.8310269050439], [[5, 7], 17.7932715623305], [[5, 8], 85.6406853735515], [[5, 9], 38.4069131871355], [[5, 10], 41.513608427965], [[6, 7], 60.6751217978129], [[6, 8], 68.8976355678689], [[6, 9], 76.2692103955488], [[6, 10], 60.3617898982489], [[7, 8], 26.5995934625804], [[7, 9], 47.9318980196457], [[7, 10], 19.6277625724725], [[8, 9], 40.9960793942585], [[8, 10], 52.8405453590011], [[9, 10], 5.65417983957928]], 
"num_nodes": 10, 
"edges_existing": []}