{"num_nodes":10,"new_data":{"edge_weights":[]},"old_data":{"edge_weights":[[[1,2],152.1664737],[[1,3],3.10085627],[[1,4],53.27477416],[[1,5],85.70723233],[[1,6],17.51460479],[[1,7],76.9882238],[[1,8],120.71257324],[[1,9],26.99168367],[[1,10],14.14522918],[[2,3],32.23132767],[[2,4],43.64462095],[[2,5],81.61100623],[[2,6],84.35212653],[[2,7],11.51470662],[[2,8],5.37938931],[[2,9],29.94699943],[[2,10],17.03248808],[[3,4],24.96914936],[[3,5],11.57511445],[[3,6],78.51444709],[[3,7],70.70639859],[[3,8],65.21397478],[[3,9],36.85265012],[[3,10],82.59445877],[[4,5],4.77512108],[[4,6],124.87191457],[[4,7],114.59239145],[[4,8],47.11193615],[[4,9],105.92342011],[[4,10],40.94582953],[[5,6],37.7402418],[[5,7],54.10932505],[[5,8],107.01587994],[[5,9],45.71627779],[[5,10],9.64702297],[[6,7],50.26091542],[[6,8],14.39857308],[[6,9],6.22938614],[[6,10],52.90759836],[[7,8],13.94555544],[[7,9],15.28132005],[[7,10],66.43239166],[[8,9],30.1711929],[[8,10],60.84329192],[[9,10],52.18063343]]}}
