{"edges_to_augment":[[[1,2],9.37674406],[[1,3],4.72127897],[[1,4],56.31332889],[[1,5],47.00870541],[[1,6],23.76715301],[[1,7],41.65456882],[[1,8],71.8886607],[[1,9],19.27413185],[[1,10],34.50894467],[[2,3],52.75358662],[[2,4],7.7861678],[[2,5],71.22824582],[[2,6],51.85141755],[[2,7],16.60140478],[[2,8],7.73724051],[[2,9],62.51152244],[[2,10],38.27815086],[[3,4],30.1056822],[[3,5],20.13151463],[[3,6],111.83823652],[[3,7],56.5333614],[[3,8],27.15128419],[[3,9],47.95675501],[[3,10],23.53664578],[[4,5],2.86833363],[[4,6],45.34149115],[[4,7],47.96140432],[[4,8],140.71048533],[[4,9],69.06447294],[[4,10],24.24745596],[[5,6],94.18554508],[[5,7],49.22056974],[[5,8],132.98452639],[[5,9],119.54770149],[[5,10],50.59581273],[[6,7],56.99248823],[[6,8],9.71656748],[[6,9],22.38639779],[[6,10],46.98093446],[[7,8],20.68606123],[[7,9],62.27219734],[[7,10],41.33540757],[[8,9],43.46226641],[[8,10],65.3701079],[[9,10],74.3070029]],
"num_nodes":10,
"edges_existing":[]}