{"num_nodes":10,"new_data":{"edge_weights":[]},"old_data":{"edge_weights":[[[1,2],101.13550207],[[1,3],1.21515999],[[1,4],82.56672456],[[1,5],82.82586571],[[1,6],55.76810639],[[1,7],95.40725289],[[1,8],77.74131545],[[1,9],51.20495654],[[1,10],6.49376261],[[2,3],80.62421745],[[2,4],77.6715117],[[2,5],22.05156381],[[2,6],77.7392245],[[2,7],24.24061118],[[2,8],33.34905993],[[2,9],29.86344804],[[2,10],49.24618355],[[3,4],11.00962913],[[3,5],31.37195591],[[3,6],31.38104785],[[3,7],83.52666951],[[3,8],19.56427543],[[3,9],117.14919152],[[3,10],81.87164905],[[4,5],4.27342641],[[4,6],79.15612618],[[4,7],101.86334199],[[4,8],104.49826678],[[4,9],35.98083989],[[4,10],46.4546115],[[5,6],113.80687545],[[5,7],93.6036617],[[5,8],89.14763777],[[5,9],57.22616343],[[5,10],32.07448674],[[6,7],36.34409852],[[6,8],50.37237209],[[6,9],48.30881558],[[6,10],50.21431986],[[7,8],28.37403526],[[7,9],35.7487242],[[7,10],88.37277856],[[8,9],31.38676269],[[8,10],63.1136671],[[9,10],49.76573676]]}}
