{"edges_to_augment":[[[1,2],105.99393713],[[1,3],1.51630412],[[1,4],30.92851732],[[1,5],94.92640952],[[1,6],75.8995071],[[1,7],72.27989059],[[1,8],79.46946685],[[1,9],18.14144151],[[1,10],31.37849558],[[2,3],50.33702577],[[2,4],32.10637014],[[2,5],86.20479577],[[2,6],76.33673124],[[2,7],25.3890135],[[2,8],48.96302229],[[2,9],37.9233205],[[2,10],55.44070715],[[3,4],17.08691024],[[3,5],22.26256479],[[3,6],77.99924755],[[3,7],82.94074545],[[3,8],26.19643506],[[3,9],115.64095667],[[3,10],81.09351387],[[4,5],4.24397472],[[4,6],56.05985477],[[4,7],24.88732604],[[4,8],52.25051719],[[4,9],121.2211492],[[4,10],79.68148432],[[5,6],81.1166995],[[5,7],120.52691293],[[5,8],162.31547594],[[5,9],118.70248938],[[5,10],32.95433223],[[6,7],65.02613366],[[6,8],33.86359492],[[6,9],43.70724342],[[6,10],34.55878481],[[7,8],37.09113402],[[7,9],53.06580314],[[7,10],55.83981294],[[8,9],12.09664051],[[8,10],92.45777586],[[9,10],37.75979633]],
"num_nodes":10,
"edges_existing":[]}