{"edges_to_augment":[[[1,2],79.71753171],[[1,3],2.26928296],[[1,4],30.54619012],[[1,5],63.74529071],[[1,6],56.29595769],[[1,7],70.90745638],[[1,8],75.9244691],[[1,9],41.22099669],[[1,10],38.56698601],[[2,3],37.16749669],[[2,4],74.45448849],[[2,5],29.22377266],[[2,6],31.56074597],[[2,7],5.84710252],[[2,8],11.24565191],[[2,9],11.5789171],[[2,10],51.08537192],[[3,4],31.31039703],[[3,5],15.31531345],[[3,6],59.28227574],[[3,7],15.0982193],[[3,8],23.67139991],[[3,9],85.55511018],[[3,10],128.24614717],[[4,5],4.20128411],[[4,6],106.91471163],[[4,7],43.453835],[[4,8],114.01996097],[[4,9],102.76365438],[[4,10],78.29732847],[[5,6],55.66875045],[[5,7],53.15213598],[[5,8],98.39751205],[[5,9],54.73925045],[[5,10],54.33118968],[[6,7],74.76980093],[[6,8],7.11704826],[[6,9],17.50099484],[[6,10],44.72147597],[[7,8],22.82941221],[[7,9],48.97166306],[[7,10],82.02571892],[[8,9],46.80183078],[[8,10],106.86181187],[[9,10],11.78452735]],"num_nodes":10,"edges_existing":[]}