{"edges_to_augment": [[[1, 2], 51.10864082], [[1, 3], 103.14099075], [[1, 4], 74.35027747], [[1, 5], 3.66433163], [[1, 6], 13.22901599], [[1, 7], 15.79700531], [[1, 8], 18.23042307], [[1, 9], 30.79657232], [[2, 3], 79.54277663], [[2, 4], 7.8050532], [[2, 5], 19.5551936], [[2, 6], 18.66118815], [[2, 7], 25.38603686], [[2, 8], 54.8083968], [[2, 9], 67.81977644], [[3, 4], 25.04661143], [[3, 5], 4.78624512], [[3, 6], 38.79588656], [[3, 7], 46.38278925], [[3, 8], 6.68523095], [[3, 9], 88.55432567], [[4, 5], 28.3525121], [[4, 6], 23.51065004], [[4, 7], 55.79984567], [[4, 8], 46.1231928], [[4, 9], 91.2461679], [[5, 6], 39.34474057], [[5, 7], 74.24156091], [[5, 8], 116.72244168], [[5, 9], 68.59281556], [[6, 7], 61.73852716], [[6, 8], 65.71394193], [[6, 9], 3.37748494], [[7, 8], 6.93027746], [[7, 9], 25.11379826], [[8, 9], 30.789744]], 
"num_nodes": 9, 
"edges_existing": []}