{"edges_to_augment": [[[1, 2], 73.47882108], [[1, 3], 78.54954288], [[1, 4], 57.07682687], [[1, 5], 2.7699423], [[1, 6], 16.83005233], [[1, 7], 27.28421962], [[1, 8], 13.70268465], [[1, 9], 45.90242514], [[2, 3], 96.04460258], [[2, 4], 7.97050608], [[2, 5], 14.96698813], [[2, 6], 18.79316531], [[2, 7], 24.57508685], [[2, 8], 22.94678184], [[2, 9], 58.60259373], [[3, 4], 9.56021922], [[3, 5], 14.1965538], [[3, 6], 14.03288333], [[3, 7], 69.94238607], [[3, 8], 64.48152996], [[3, 9], 71.40864971], [[4, 5], 44.66368754], [[4, 6], 40.18943934], [[4, 7], 51.46556188], [[4, 8], 33.02276993], [[4, 9], 67.02080374], [[5, 6], 65.93493124], [[5, 7], 86.90127674], [[5, 8], 96.36197513], [[5, 9], 119.5334723], [[6, 7], 90.88609566], [[6, 8], 50.09099199], [[6, 9], 3.86179789], [[7, 8], 3.59261562], [[7, 9], 20.03252472], [[8, 9], 14.71878951]], "num_nodes": 9, "edges_existing": []}