{"edges_to_augment": [[[1, 2], 92.18395149], [[1, 3], 70.62033584], [[1, 4], 112.36874313], [[1, 5], 5.671711], [[1, 6], 16.79451102], [[1, 7], 32.0504328], [[1, 8], 54.51981497], [[1, 9], 17.54395392], [[2, 3], 72.23747923], [[2, 4], 9.31285718], [[2, 5], 16.71919323], [[2, 6], 48.16649829], [[2, 7], 42.99098089], [[2, 8], 33.99507831], [[2, 9], 68.03878703], [[3, 4], 23.40205579], [[3, 5], 6.22704105], [[3, 6], 33.29656783], [[3, 7], 72.43420098], [[3, 8], 85.96497694], [[3, 9], 100.55143832], [[4, 5], 13.3266984], [[4, 6], 40.79120728], [[4, 7], 21.04351154], [[4, 8], 51.83763607], [[4, 9], 41.7578891], [[5, 6], 47.850498], [[5, 7], 67.66284858], [[5, 8], 72.8352524], [[5, 9], 78.47429729], [[6, 7], 82.43726914], [[6, 8], 67.30449082], [[6, 9], 5.76404909], [[7, 8], 4.83360075], [[7, 9], 25.16522102], [[8, 9], 5.17241329]], 
"num_nodes": 9, 
"edges_existing": []}