{"edges_to_augment": [[[1, 2], 83.98495211], [[1, 3], 131.38313653], [[1, 4], 105.69921348], [[1, 5], 5.72552463], [[1, 6], 19.84499498], [[1, 7], 44.9373638], [[1, 8], 59.18734842], [[1, 9], 48.34992577], [[2, 3], 87.0294855], [[2, 4], 9.90173087], [[2, 5], 19.52825268], [[2, 6], 26.46512366], [[2, 7], 11.36396396], [[2, 8], 75.94118151], [[2, 9], 52.62477474], [[3, 4], 10.92753417], [[3, 5], 27.26553385], [[3, 6], 35.22497144], [[3, 7], 19.95209102], [[3, 8], 76.86062802], [[3, 9], 79.74929448], [[4, 5], 57.21025251], [[4, 6], 44.13206502], [[4, 7], 75.17573709], [[4, 8], 85.40508968], [[4, 9], 82.33575014], [[5, 6], 79.77078639], [[5, 7], 74.86773444], [[5, 8], 60.11993017], [[5, 9], 105.90834761], [[6, 7], 86.54693189], [[6, 8], 30.54207906], [[6, 9], 6.80396289], [[7, 8], 4.62448775], [[7, 9], 15.18251294], [[8, 9], 32.6517581]], "num_nodes": 9, "edges_existing": []}