{"edges_to_augment": [[[1, 2], 75.99582353], [[1, 3], 53.26519285], [[1, 4], 14.8237502], [[1, 5], 3.23047189], [[1, 6], 11.91686701], [[1, 7], 19.01760505], [[1, 8], 51.69099236], [[1, 9], 43.3722067], [[2, 3], 91.91490589], [[2, 4], 6.0993629], [[2, 5], 14.13876484], [[2, 6], 30.05213869], [[2, 7], 32.16308539], [[2, 8], 56.07989916], [[2, 9], 67.98014144], [[3, 4], 4.22060352], [[3, 5], 25.48156753], [[3, 6], 49.38180452], [[3, 7], 45.09025826], [[3, 8], 53.36525648], [[3, 9], 60.30011632], [[4, 5], 38.97915531], [[4, 6], 60.1822815], [[4, 7], 57.6599054], [[4, 8], 61.76944857], [[4, 9], 34.45926335], [[5, 6], 46.20900119], [[5, 7], 44.25162998], [[5, 8], 70.32001514], [[5, 9], 91.42689106], [[6, 7], 103.76349019], [[6, 8], 94.02496636], [[6, 9], 6.80701379], [[7, 8], 3.01054457], [[7, 9], 11.20158982], [[8, 9], 18.50981518]], 
"num_nodes": 9, 
"edges_existing": []}