{"edges_to_augment": [[[1, 2], 63.75095194], [[1, 3], 54.28344371], [[1, 4], 65.43913552], [[1, 5], 4.99805748], [[1, 6], 18.78194823], [[1, 7], 36.0088787], [[1, 8], 52.00787929], [[1, 9], 69.04260019], [[2, 3], 100.10201677], [[2, 4], 6.01969771], [[2, 5], 19.8006029], [[2, 6], 7.12315639], [[2, 7], 14.33804203], [[2, 8], 47.39214936], [[2, 9], 57.79269007], [[3, 4], 8.86071642], [[3, 5], 27.9293588], [[3, 6], 20.17858825], [[3, 7], 19.57866688], [[3, 8], 70.37865376], [[3, 9], 66.13378539], [[4, 5], 30.45280788], [[4, 6], 74.28202715], [[4, 7], 20.79771269], [[4, 8], 89.78855448], [[4, 9], 90.71923339], [[5, 6], 13.398857], [[5, 7], 19.26497619], [[5, 8], 67.21092619], [[5, 9], 81.97986969], [[6, 7], 99.70030042], [[6, 8], 58.63584275], [[6, 9], 4.79395447], [[7, 8], 5.38774301], [[7, 9], 22.27579186], [[8, 9], 10.48991432]], "num_nodes": 9, "edges_existing": []}