{"edges_to_augment": [[[1, 2], 27.45100662], [[1, 3], 94.79044396], [[1, 4], 117.86367196], [[1, 5], 2.01453564], [[1, 6], 20.84496531], [[1, 7], 15.12931538], [[1, 8], 34.46458336], [[1, 9], 65.53155278], [[2, 3], 103.62166042], [[2, 4], 3.70238178], [[2, 5], 3.28644224], [[2, 6], 6.03836218], [[2, 7], 43.09807313], [[2, 8], 34.47747691], [[2, 9], 18.73081028], [[3, 4], 8.6618832], [[3, 5], 12.81016517], [[3, 6], 28.63923721], [[3, 7], 31.28547526], [[3, 8], 57.88630792], [[3, 9], 64.04309859], [[4, 5], 37.0342367], [[4, 6], 35.7867941], [[4, 7], 46.05582245], [[4, 8], 25.03777106], [[4, 9], 38.95247797], [[5, 6], 78.15781704], [[5, 7], 65.46934329], [[5, 8], 58.85262165], [[5, 9], 96.60112227], [[6, 7], 123.2348366], [[6, 8], 58.04263041], [[6, 9], 3.03583401], [[7, 8], 6.67677448], [[7, 9], 4.97478433], [[8, 9], 37.52390962]], 
"num_nodes": 9, 
"edges_existing": []}