{"edges_to_augment": [[[1, 2], 49.98362457], [[1, 3], 57.21480167], [[1, 4], 97.72988883], [[1, 5], 3.29768537], [[1, 6], 13.46600959], [[1, 7], 24.66274359], [[1, 8], 16.65332124], [[1, 9], 43.72715844], [[2, 3], 52.80794633], [[2, 4], 2.45607605], [[2, 5], 9.22233585], [[2, 6], 18.66892716], [[2, 7], 33.44558121], [[2, 8], 53.29070778], [[2, 9], 52.66452562], [[3, 4], 10.36825186], [[3, 5], 32.94892498], [[3, 6], 38.84857503], [[3, 7], 33.9219104], [[3, 8], 54.88368494], [[3, 9], 62.26749803], [[4, 5], 42.19890045], [[4, 6], 61.38786534], [[4, 7], 40.01411957], [[4, 8], 62.92150553], [[4, 9], 75.04559809], [[5, 6], 19.19291134], [[5, 7], 68.87251555], [[5, 8], 113.84641299], [[5, 9], 60.80530903], [[6, 7], 74.40060824], [[6, 8], 100.87451888], [[6, 9], 5.31648429], [[7, 8], 5.1956438], [[7, 9], 22.39840067], [[8, 9], 15.41898309]], "num_nodes": 9, "edges_existing": []}