{"edges_to_augment": [[[1, 2], 58.44376612], [[1, 3], 108.85454246], [[1, 4], 129.15165728], [[1, 5], 4.50313682], [[1, 6], 10.30404951], [[1, 7], 19.38458109], [[1, 8], 48.1716886], [[1, 9], 34.88999791], [[2, 3], 123.37764037], [[2, 4], 9.97828261], [[2, 5], 13.89273374], [[2, 6], 25.63775136], [[2, 7], 44.25062725], [[2, 8], 37.46780445], [[2, 9], 63.52891443], [[3, 4], 10.25400122], [[3, 5], 26.80264276], [[3, 6], 18.0413961], [[3, 7], 53.37358941], [[3, 8], 9.25352979], [[3, 9], 41.92445287], [[4, 5], 53.4437517], [[4, 6], 62.9169217], [[4, 7], 50.67490792], [[4, 8], 70.40113693], [[4, 9], 37.75808681], [[5, 6], 52.8718448], [[5, 7], 87.38263111], [[5, 8], 69.73815802], [[5, 9], 75.04503427], [[6, 7], 23.91826857], [[6, 8], 108.00862576], [[6, 9], 3.99838681], [[7, 8], 7.15438508], [[7, 9], 15.48794142], [[8, 9], 18.44621589]], "num_nodes": 9, "edges_existing": []}