{"edges_to_augment": [[[1, 2], 82.24223728], [[1, 3], 112.72682073], [[1, 4], 52.43660522], [[1, 5], 6.54552862], [[1, 6], 10.10488413], [[1, 7], 33.62446922], [[1, 8], 21.37061369], [[1, 9], 32.73202468], [[2, 3], 45.73012057], [[2, 4], 5.01009402], [[2, 5], 19.24661114], [[2, 6], 30.17178606], [[2, 7], 35.9518143], [[2, 8], 41.13950317], [[2, 9], 39.2451766], [[3, 4], 11.20231551], [[3, 5], 12.47506571], [[3, 6], 49.61116783], [[3, 7], 64.80161649], [[3, 8], 39.18431605], [[3, 9], 60.55523468], [[4, 5], 32.56666739], [[4, 6], 26.31013392], [[4, 7], 53.9453975], [[4, 8], 62.49231017], [[4, 9], 69.25658662], [[5, 6], 45.19433669], [[5, 7], 63.28318429], [[5, 8], 42.10381816], [[5, 9], 32.61691122], [[6, 7], 49.87572667], [[6, 8], 28.71095806], [[6, 9], 3.12474347], [[7, 8], 5.70850164], [[7, 9], 21.29027204], [[8, 9], 35.91404975]], 
"num_nodes": 9, 
"edges_existing": []}