{"edges_to_augment": [[[1, 2], 79.68537345], [[1, 3], 29.69588773], [[1, 4], 101.04363036], [[1, 5], 7.3715206], [[1, 6], 23.40576057], [[1, 7], 26.75880097], [[1, 8], 66.42935275], [[1, 9], 36.11594331], [[2, 3], 26.73649851], [[2, 4], 8.8520127], [[2, 5], 11.63641855], [[2, 6], 48.38835348], [[2, 7], 7.25336314], [[2, 8], 40.19047458], [[2, 9], 41.86740857], [[3, 4], 7.79621976], [[3, 5], 14.21443132], [[3, 6], 34.54380335], [[3, 7], 48.87098032], [[3, 8], 58.41928121], [[3, 9], 65.73772762], [[4, 5], 40.48602455], [[4, 6], 70.10172926], [[4, 7], 61.44813358], [[4, 8], 44.48339182], [[4, 9], 67.4043242], [[5, 6], 46.60502965], [[5, 7], 64.0325482], [[5, 8], 110.12358547], [[5, 9], 49.68804127], [[6, 7], 71.66090086], [[6, 8], 121.45831152], [[6, 9], 6.19780125], [[7, 8], 6.01337978], [[7, 9], 17.83669657], [[8, 9], 27.29853316]], "num_nodes": 9, "edges_existing": []}