{"edges_to_augment": [[[1, 2], 55.45141176], [[1, 3], 35.17112907], [[1, 4], 84.88535706], [[1, 5], 5.50472236], [[1, 6], 20.85485102], [[1, 7], 29.45329455], [[1, 8], 30.38774859], [[1, 9], 68.09331356], [[2, 3], 66.88085318], [[2, 4], 7.05928716], [[2, 5], 15.90118057], [[2, 6], 21.99640548], [[2, 7], 19.39660781], [[2, 8], 65.1929564], [[2, 9], 64.99539523], [[3, 4], 11.18570116], [[3, 5], 20.06605525], [[3, 6], 14.62067451], [[3, 7], 61.81564651], [[3, 8], 69.10379468], [[3, 9], 45.76886852], [[4, 5], 52.85329703], [[4, 6], 46.75539785], [[4, 7], 65.17525228], [[4, 8], 47.87775581], [[4, 9], 72.5856852], [[5, 6], 14.78332174], [[5, 7], 39.85847255], [[5, 8], 15.64956229], [[5, 9], 76.32792118], [[6, 7], 63.14752975], [[6, 8], 55.6533385], [[6, 9], 6.72961841], [[7, 8], 3.32521934], [[7, 9], 11.84568185], [[8, 9], 30.33549414]], 
"num_nodes": 9, 
"edges_existing": []}