{"edges_to_augment": [[[1, 2], 18.72100106], [[1, 3], 36.48057888], [[1, 4], 81.50454687], [[1, 5], 6.13758487], [[1, 6], 9.97591397], [[1, 7], 34.37464869], [[1, 8], 30.67568672], [[1, 9], 28.12795465], [[2, 3], 38.99397969], [[2, 4], 8.3137329], [[2, 5], 3.16500292], [[2, 6], 29.11596931], [[2, 7], 34.92996207], [[2, 8], 51.67701189], [[2, 9], 22.15677962], [[3, 4], 11.35647262], [[3, 5], 20.76057696], [[3, 6], 23.76122246], [[3, 7], 30.14182231], [[3, 8], 58.74886489], [[3, 9], 64.78305432], [[4, 5], 43.0582165], [[4, 6], 61.51579713], [[4, 7], 12.32175842], [[4, 8], 91.3399094], [[4, 9], 52.77978704], [[5, 6], 26.88942023], [[5, 7], 105.25870033], [[5, 8], 93.45352159], [[5, 9], 95.52319366], [[6, 7], 61.04435369], [[6, 8], 70.59097541], [[6, 9], 3.17863157], [[7, 8], 5.69197239], [[7, 9], 18.56753744], [[8, 9], 24.23870883]], 
"num_nodes": 9, 
"edges_existing": []}