{"edges_to_augment": [[[1, 2], 38.03872177], [[1, 3], 70.46406528], [[1, 4], 63.50842241], [[1, 5], 4.93178351], [[1, 6], 20.92274702], [[1, 7], 33.61895211], [[1, 8], 51.11829215], [[1, 9], 43.35322055], [[2, 3], 108.60503031], [[2, 4], 8.41354878], [[2, 5], 18.57232357], [[2, 6], 9.03858772], [[2, 7], 42.95677897], [[2, 8], 34.71967178], [[2, 9], 83.95853389], [[3, 4], 15.30351402], [[3, 5], 24.33467006], [[3, 6], 5.34886906], [[3, 7], 35.62050039], [[3, 8], 15.15349704], [[3, 9], 42.22993247], [[4, 5], 25.01647876], [[4, 6], 27.85283107], [[4, 7], 83.82336236], [[4, 8], 25.64876688], [[4, 9], 81.23490596], [[5, 6], 32.09571813], [[5, 7], 15.77900325], [[5, 8], 58.20094288], [[5, 9], 62.65286011], [[6, 7], 67.72933951], [[6, 8], 83.14050627], [[6, 9], 5.58220354], [[7, 8], 5.87430274], [[7, 9], 17.9235524], [[8, 9], 15.25646822]], 
"num_nodes": 9, 
"edges_existing": []}