{"edges_to_augment": [[[1, 2], 59.16499095], [[1, 3], 40.44852717], [[1, 4], 38.61168767], [[1, 5], 1.70112572], [[1, 6], 19.07754851], [[1, 7], 34.23864193], [[1, 8], 4.84107351], [[1, 9], 24.6418985], [[2, 3], 98.21436931], [[2, 4], 8.23592328], [[2, 5], 10.78271749], [[2, 6], 38.43124178], [[2, 7], 36.02686119], [[2, 8], 48.38249619], [[2, 9], 68.16032892], [[3, 4], 7.09548674], [[3, 5], 16.497891], [[3, 6], 41.9383115], [[3, 7], 9.34371694], [[3, 8], 21.74307933], [[3, 9], 84.59388576], [[4, 5], 30.50698718], [[4, 6], 54.35045002], [[4, 7], 59.87186985], [[4, 8], 54.08403938], [[4, 9], 83.77657386], [[5, 6], 29.03453009], [[5, 7], 67.69800887], [[5, 8], 37.00384268], [[5, 9], 136.41630544], [[6, 7], 47.98632602], [[6, 8], 103.11686901], [[6, 9], 3.64169144], [[7, 8], 2.66296842], [[7, 9], 13.70046269], [[8, 9], 26.35202386]], "num_nodes": 9, "edges_existing": []}