{"edges_to_augment": [[[1, 2], 50.25401932], [[1, 3], 90.74925175], [[1, 4], 86.08119769], [[1, 5], 6.81719545], [[1, 6], 26.57281541], [[1, 7], 5.52984383], [[1, 8], 24.94240585], [[1, 9], 26.19564679], [[2, 3], 36.67048235], [[2, 4], 6.96248041], [[2, 5], 11.5514401], [[2, 6], 29.730832], [[2, 7], 16.0649495], [[2, 8], 31.7735307], [[2, 9], 29.89370041], [[3, 4], 17.25743698], [[3, 5], 9.63844032], [[3, 6], 51.51965096], [[3, 7], 19.69393517], [[3, 8], 67.84317156], [[3, 9], 84.4438059], [[4, 5], 45.34181552], [[4, 6], 46.52544826], [[4, 7], 41.65392417], [[4, 8], 86.72133999], [[4, 9], 91.43598687], [[5, 6], 83.83217017], [[5, 7], 51.44863285], [[5, 8], 90.2379801], [[5, 9], 83.77672871], [[6, 7], 95.38841082], [[6, 8], 73.00834066], [[6, 9], 6.02157417], [[7, 8], 5.62143113], [[7, 9], 16.94638344], [[8, 9], 15.7338662]], "num_nodes": 9, "edges_existing": []}