{"edges_to_augment": [[[1, 2], 66.59720898], [[1, 3], 52.19626113], [[1, 4], 110.21755794], [[1, 5], 7.71628663], [[1, 6], 16.09259041], [[1, 7], 22.17994818], [[1, 8], 44.31034938], [[1, 9], 54.7916396], [[2, 3], 79.10761784], [[2, 4], 12.48932795], [[2, 5], 12.13767896], [[2, 6], 34.70448329], [[2, 7], 51.8456198], [[2, 8], 41.99134976], [[2, 9], 50.50101275], [[3, 4], 10.17300535], [[3, 5], 27.00423275], [[3, 6], 33.05843745], [[3, 7], 22.52934281], [[3, 8], 34.5811626], [[3, 9], 25.08400461], [[4, 5], 36.08270426], [[4, 6], 40.19733132], [[4, 7], 39.67070135], [[4, 8], 82.98108034], [[4, 9], 81.52476037], [[5, 6], 67.57483053], [[5, 7], 51.67427755], [[5, 8], 111.28086008], [[5, 9], 82.06442452], [[6, 7], 59.12335037], [[6, 8], 100.68548484], [[6, 9], 6.0236911], [[7, 8], 7.10070811], [[7, 9], 5.17327687], [[8, 9], 24.41571911]], 
"num_nodes": 9, 
"edges_existing": []}