{"edges_to_augment": [[[1, 2], 27.23716096], [[1, 3], 36.77012429], [[1, 4], 39.56371372], [[1, 5], 6.41836175], [[1, 6], 25.00043759], [[1, 7], 42.63813412], [[1, 8], 22.1520785], [[1, 9], 12.77466807], [[2, 3], 102.70123523], [[2, 4], 11.55902918], [[2, 5], 14.94436653], [[2, 6], 17.75200341], [[2, 7], 24.53281213], [[2, 8], 71.60171633], [[2, 9], 58.41635794], [[3, 4], 22.5209357], [[3, 5], 22.45971981], [[3, 6], 16.6496216], [[3, 7], 43.27739135], [[3, 8], 13.01272128], [[3, 9], 13.9066051], [[4, 5], 4.91024224], [[4, 6], 41.68800789], [[4, 7], 56.61966637], [[4, 8], 46.38835317], [[4, 9], 93.482607], [[5, 6], 92.1714538], [[5, 7], 111.63247046], [[5, 8], 42.93937969], [[5, 9], 102.45479955], [[6, 7], 30.41606165], [[6, 8], 113.97950986], [[6, 9], 6.42682287], [[7, 8], 5.84346006], [[7, 9], 15.84957055], [[8, 9], 30.24722269]], "num_nodes": 9, "edges_existing": []}