{"edges_to_augment": [[[1, 2], 34.9621815], [[1, 3], 106.41596418], [[1, 4], 83.42986092], [[1, 5], 3.96240778], [[1, 6], 19.6670695], [[1, 7], 16.80880634], [[1, 8], 40.9720193], [[1, 9], 23.18946889], [[2, 3], 62.13592626], [[2, 4], 6.46035028], [[2, 5], 21.29854478], [[2, 6], 20.23547708], [[2, 7], 55.21157576], [[2, 8], 32.18517993], [[2, 9], 65.98914394], [[3, 4], 3.81716672], [[3, 5], 19.67201819], [[3, 6], 35.38803481], [[3, 7], 38.13188861], [[3, 8], 65.46587119], [[3, 9], 31.26352455], [[4, 5], 23.55288456], [[4, 6], 67.92488013], [[4, 7], 56.55317133], [[4, 8], 49.48490301], [[4, 9], 72.97121978], [[5, 6], 64.32783728], [[5, 7], 41.19207851], [[5, 8], 98.44805903], [[5, 9], 78.22473072], [[6, 7], 64.96994853], [[6, 8], 78.57697677], [[6, 9], 6.60279555], [[7, 8], 5.33928439], [[7, 9], 19.09645909], [[8, 9], 16.33221073]], 
"num_nodes": 9, 
"edges_existing": []}