{"edges_to_augment": [[[1, 2], 37.87984507], [[1, 3], 67.87462927], [[1, 4], 100.37944855], [[1, 5], 6.06678733], [[1, 6], 8.17035886], [[1, 7], 32.22813121], [[1, 8], 30.65335497], [[1, 9], 34.14844616], [[2, 3], 80.50929904], [[2, 4], 5.47834605], [[2, 5], 21.91556663], [[2, 6], 35.60621877], [[2, 7], 22.30312149], [[2, 8], 51.76236855], [[2, 9], 83.59679427], [[3, 4], 9.37964723], [[3, 5], 22.82943705], [[3, 6], 41.84662757], [[3, 7], 43.42340971], [[3, 8], 38.49683664], [[3, 9], 80.19986985], [[4, 5], 39.79228486], [[4, 6], 40.39419404], [[4, 7], 34.65598357], [[4, 8], 47.30097811], [[4, 9], 56.58066436], [[5, 6], 82.54350449], [[5, 7], 76.56480586], [[5, 8], 82.04542906], [[5, 9], 15.67138625], [[6, 7], 60.79021667], [[6, 8], 137.60357031], [[6, 9], 5.05342713], [[7, 8], 4.47318518], [[7, 9], 16.44337655], [[8, 9], 23.29675826]], "num_nodes": 9, "edges_existing": []}