{"edges_to_augment": [[[1, 2], 74.43353401], [[1, 3], 54.00408371], [[1, 4], 49.1803823], [[1, 5], 3.42476739], [[1, 6], 23.57439836], [[1, 7], 14.02567598], [[1, 8], 46.67923938], [[1, 9], 27.70490445], [[2, 3], 72.72473589], [[2, 4], 12.12722232], [[2, 5], 5.96282743], [[2, 6], 32.65006802], [[2, 7], 47.09069097], [[2, 8], 6.41673604], [[2, 9], 5.72004773], [[3, 4], 6.28294305], [[3, 5], 23.39855567], [[3, 6], 34.82447223], [[3, 7], 60.4639081], [[3, 8], 43.26232664], [[3, 9], 73.47878013], [[4, 5], 34.04225052], [[4, 6], 36.23001852], [[4, 7], 30.10529886], [[4, 8], 61.88044215], [[4, 9], 70.80759544], [[5, 6], 41.7048431], [[5, 7], 37.66360536], [[5, 8], 71.44482414], [[5, 9], 28.39658334], [[6, 7], 49.85715836], [[6, 8], 64.82521185], [[6, 9], 4.67593167], [[7, 8], 6.49953678], [[7, 9], 13.62394163], [[8, 9], 17.93532111]], 
"num_nodes": 9, 
"edges_existing": []}