{"edges_to_augment": [[[1, 2], 64.06797741], [[1, 3], 10.48419737], [[1, 4], 82.70248759], [[1, 5], 5.05923514], [[1, 6], 17.21091817], [[1, 7], 41.72247439], [[1, 8], 51.14303258], [[1, 9], 34.02698282], [[2, 3], 38.35817082], [[2, 4], 13.13574113], [[2, 5], 19.43162787], [[2, 6], 8.1788674], [[2, 7], 36.73749513], [[2, 8], 43.36843262], [[2, 9], 44.47725316], [[3, 4], 4.73609234], [[3, 5], 19.99198533], [[3, 6], 35.60968871], [[3, 7], 68.74675779], [[3, 8], 66.19929719], [[3, 9], 100.48656904], [[4, 5], 26.70507716], [[4, 6], 69.99601261], [[4, 7], 24.36560395], [[4, 8], 62.3673157], [[4, 9], 68.31858466], [[5, 6], 6.21994044], [[5, 7], 42.8551311], [[5, 8], 100.98238929], [[5, 9], 54.81817496], [[6, 7], 71.22025865], [[6, 8], 79.24198006], [[6, 9], 6.37890304], [[7, 8], 4.09952537], [[7, 9], 13.46889119], [[8, 9], 20.06282203]], "num_nodes": 9, "edges_existing": []}