{"edges_to_augment": [[[1, 2], 84.17776037], [[1, 3], 40.00036369], [[1, 4], 94.49595234], [[1, 5], 3.25166735], [[1, 6], 19.66053734], [[1, 7], 19.10781387], [[1, 8], 56.04831992], [[1, 9], 40.03302698], [[2, 3], 110.74315838], [[2, 4], 7.44242434], [[2, 5], 15.84575347], [[2, 6], 35.14796681], [[2, 7], 24.47159703], [[2, 8], 52.6364567], [[2, 9], 21.18668549], [[3, 4], 19.21297003], [[3, 5], 19.8708274], [[3, 6], 9.56777777], [[3, 7], 67.81215241], [[3, 8], 51.83041093], [[3, 9], 56.33252971], [[4, 5], 25.48443678], [[4, 6], 26.07166699], [[4, 7], 51.20975364], [[4, 8], 33.37920876], [[4, 9], 75.13360988], [[5, 6], 84.50968155], [[5, 7], 28.47133607], [[5, 8], 115.42642254], [[5, 9], 110.03473222], [[6, 7], 34.2505025], [[6, 8], 47.00017773], [[6, 9], 6.16136181], [[7, 8], 3.75738409], [[7, 9], 9.77639739], [[8, 9], 31.90446896]], "num_nodes": 9, "edges_existing": []}