{"edges_to_augment": [[[1, 2], 46.10266724], [[1, 3], 105.74525322], [[1, 4], 61.23947513], [[1, 5], 5.62664759], [[1, 6], 18.10139813], [[1, 7], 24.45934834], [[1, 8], 47.96965656], [[1, 9], 58.58183323], [[2, 3], 26.17886687], [[2, 4], 6.66986966], [[2, 5], 23.52280875], [[2, 6], 30.72888927], [[2, 7], 48.57902397], [[2, 8], 61.82919119], [[2, 9], 49.84955402], [[3, 4], 7.95815064], [[3, 5], 26.81878076], [[3, 6], 26.92540721], [[3, 7], 39.9778565], [[3, 8], 58.82884299], [[3, 9], 59.1874483], [[4, 5], 16.32133529], [[4, 6], 65.8263585], [[4, 7], 27.56646041], [[4, 8], 56.32811278], [[4, 9], 93.99948935], [[5, 6], 19.57151886], [[5, 7], 19.07699958], [[5, 8], 26.74978184], [[5, 9], 87.65384503], [[6, 7], 61.36947296], [[6, 8], 93.21881546], [[6, 9], 4.44011507], [[7, 8], 5.91725625], [[7, 9], 14.00226086], [[8, 9], 27.24825807]], "num_nodes": 9, "edges_existing": []}