{"edges_to_augment": [[[1, 2], 49.52361255], [[1, 3], 47.0011729], [[1, 4], 97.19917663], [[1, 5], 5.97837931], [[1, 6], 14.68460047], [[1, 7], 32.79414084], [[1, 8], 36.858281], [[1, 9], 34.07267213], [[2, 3], 92.92614989], [[2, 4], 2.88959935], [[2, 5], 25.96646964], [[2, 6], 23.36971524], [[2, 7], 19.85632906], [[2, 8], 72.46168483], [[2, 9], 61.85625908], [[3, 4], 20.36074793], [[3, 5], 10.72538552], [[3, 6], 26.95406268], [[3, 7], 27.42659109], [[3, 8], 41.61345219], [[3, 9], 39.82524368], [[4, 5], 21.73006335], [[4, 6], 43.28372299], [[4, 7], 94.83883903], [[4, 8], 100.15621863], [[4, 9], 61.76678186], [[5, 6], 52.4303599], [[5, 7], 78.23960301], [[5, 8], 76.46841667], [[5, 9], 111.85930432], [[6, 7], 129.134156], [[6, 8], 70.4181933], [[6, 9], 1.98422574], [[7, 8], 2.30039759], [[7, 9], 16.63887451], [[8, 9], 31.41819955]], 
"num_nodes": 9, 
"edges_existing": []}