{"num_nodes":8,"new_data":{"edge_weights":[]},"old_data":{"edge_weights":[[[1,2],4.67284757],[[1,3],11.2330428],[[1,4],47.921059],[[1,5],20.12345335],[[1,6],5.27542839],[[1,7],11.5695811],[[1,8],41.96465076],[[2,3],59.4602428],[[2,4],26.49047957],[[2,5],24.89537297],[[2,6],48.45339034],[[2,7],49.93650503],[[2,8],45.33675733],[[3,4],20.84318427],[[3,5],21.08261697],[[3,6],33.31170808],[[3,7],3.11964797],[[3,8],56.78495149],[[4,5],23.78975592],[[4,6],14.36794617],[[4,7],57.96083995],[[4,8],26.49078513],[[5,6],63.05836199],[[5,7],84.36015818],[[5,8],10.77384174],[[6,7],6.13656906],[[6,8],37.1416576],[[7,8],82.68139197]]}}
