{"edges_to_augment": [[[1, 2], 8.60686703], [[1, 3], 18.32461659], [[1, 4], 95.19293658], [[1, 5], 61.34390516], [[1, 6], 6.7319162], [[1, 7], 4.20022283], [[1, 8], 44.86767886], [[2, 3], 61.98344396], [[2, 4], 7.0648811], [[2, 5], 20.09798027], [[2, 6], 35.26708045], [[2, 7], 25.90859558], [[2, 8], 46.72580095], [[3, 4], 13.14368331], [[3, 5], 13.04397], [[3, 6], 22.93973584], [[3, 7], 40.21973374], [[3, 8], 56.3039169], [[4, 5], 34.38435848], [[4, 6], 24.57827424], [[4, 7], 12.65513004], [[4, 8], 5.36210245], [[5, 6], 44.02208811], [[5, 7], 29.92715559], [[5, 8], 27.56550293], [[6, 7], 8.67799592], [[6, 8], 82.73625186], [[7, 8], 68.47067895]], "num_nodes": 8, "edges_existing": []}