{"edges_to_augment": [[[1, 2], 9.22784703], [[1, 3], 15.81732728], [[1, 4], 23.52969494], [[1, 5], 72.71264029], [[1, 6], 12.84951691], [[1, 7], 31.26693975], [[1, 8], 39.70624293], [[2, 3], 79.86920869], [[2, 4], 30.74867074], [[2, 5], 34.48725395], [[2, 6], 51.19137585], [[2, 7], 26.78553681], [[2, 8], 6.08649605], [[3, 4], 38.53403474], [[3, 5], 12.69788495], [[3, 6], 43.45118009], [[3, 7], 36.27902736], [[3, 8], 44.24331785], [[4, 5], 44.07588967], [[4, 6], 64.72423337], [[4, 7], 63.28550613], [[4, 8], 8.54176802], [[5, 6], 63.00807471], [[5, 7], 51.86874824], [[5, 8], 27.74295871], [[6, 7], 4.35791123], [[6, 8], 25.21301255], [[7, 8], 85.56304723]], 
"num_nodes": 8, 
"edges_existing": []}