{"edges_to_augment": [[[1, 2], 2.92379633], [[1, 3], 14.17283482], [[1, 4], 17.92622013], [[1, 5], 46.87001091], [[1, 6], 17.36876842], [[1, 7], 10.53963884], [[1, 8], 62.63343623], [[2, 3], 51.79702315], [[2, 4], 35.84700062], [[2, 5], 26.7221447], [[2, 6], 16.36867], [[2, 7], 13.21322802], [[2, 8], 45.46415717], [[3, 4], 19.9942805], [[3, 5], 20.59877954], [[3, 6], 60.52880576], [[3, 7], 39.86234408], [[3, 8], 30.55142201], [[4, 5], 40.69009145], [[4, 6], 41.38035421], [[4, 7], 17.24060306], [[4, 8], 25.64266604], [[5, 6], 48.66510857], [[5, 7], 51.27523867], [[5, 8], 12.98186142], [[6, 7], 22.31408818], [[6, 8], 81.31778336], [[7, 8], 91.11495246]], 
"num_nodes": 8, 
"edges_existing": []}