{"edges_to_augment": [[[1, 2], 5.41524735], [[1, 3], 10.72950145], [[1, 4], 16.70676514], [[1, 5], 43.14119323], [[1, 6], 25.45998772], [[1, 7], 33.3106937], [[1, 8], 25.63413066], [[2, 3], 29.60772254], [[2, 4], 18.0041944], [[2, 5], 26.82222002], [[2, 6], 39.44725692], [[2, 7], 37.21641453], [[2, 8], 51.76243813], [[3, 4], 9.29399268], [[3, 5], 19.56917598], [[3, 6], 13.54929501], [[3, 7], 34.21912653], [[3, 8], 49.17546758], [[4, 5], 16.61879131], [[4, 6], 18.00885963], [[4, 7], 40.2529826], [[4, 8], 18.47143283], [[5, 6], 36.98584803], [[5, 7], 20.40288025], [[5, 8], 6.33647486], [[6, 7], 5.80529186], [[6, 8], 59.14939572], [[7, 8], 68.12402877]], 
"num_nodes": 8, 
"edges_existing": []}