{"edges_to_augment": [[[1, 2], 7.65992425], [[1, 3], 6.88502429], [[1, 4], 34.25757654], [[1, 5], 31.4113862], [[1, 6], 34.87027362], [[1, 7], 41.34382369], [[1, 8], 63.63113514], [[2, 3], 83.41813762], [[2, 4], 20.76795592], [[2, 5], 41.50497394], [[2, 6], 66.55448273], [[2, 7], 47.11942976], [[2, 8], 64.11306927], [[3, 4], 7.10546125], [[3, 5], 45.36527795], [[3, 6], 48.50194788], [[3, 7], 14.72510259], [[3, 8], 12.98211172], [[4, 5], 30.63876244], [[4, 6], 43.04140233], [[4, 7], 24.88409428], [[4, 8], 17.01936807], [[5, 6], 15.24456782], [[5, 7], 37.61094891], [[5, 8], 9.20681802], [[6, 7], 18.48874437], [[6, 8], 50.61863324], [[7, 8], 57.27477738]], "num_nodes": 8, "edges_existing": []}