{"edges_to_augment": [[[1, 2], 1.91761773], [[1, 3], 2.24864241], [[1, 4], 63.79411037], [[1, 5], 11.44437013], [[1, 6], 18.23513993], [[1, 7], 12.64942308], [[1, 8], 49.49970907], [[2, 3], 21.47310906], [[2, 4], 15.96457863], [[2, 5], 6.07959976], [[2, 6], 28.71814428], [[2, 7], 46.11987709], [[2, 8], 70.96505535], [[3, 4], 27.92180612], [[3, 5], 16.53225003], [[3, 6], 26.95000142], [[3, 7], 38.14907843], [[3, 8], 17.71021184], [[4, 5], 7.98825618], [[4, 6], 48.52542601], [[4, 7], 40.3261818], [[4, 8], 6.11302141], [[5, 6], 40.61461144], [[5, 7], 26.54969511], [[5, 8], 6.70768717], [[6, 7], 23.29076344], [[6, 8], 86.44892747], [[7, 8], 90.14150319]], "num_nodes": 8, "edges_existing": []}