{"edges_to_augment": [[[1, 2], 4.72921657], [[1, 3], 7.1700995], [[1, 4], 96.00606709], [[1, 5], 73.43114293], [[1, 6], 5.54205749], [[1, 7], 43.58769952], [[1, 8], 30.4391666], [[2, 3], 48.69456351], [[2, 4], 11.57193362], [[2, 5], 14.47967578], [[2, 6], 57.8956448], [[2, 7], 25.76828343], [[2, 8], 60.78597333], [[3, 4], 30.55708357], [[3, 5], 33.19640195], [[3, 6], 43.23329112], [[3, 7], 13.11095123], [[3, 8], 63.06473246], [[4, 5], 38.44579435], [[4, 6], 28.47404859], [[4, 7], 78.55843215], [[4, 8], 24.75272812], [[5, 6], 53.78850244], [[5, 7], 30.76878339], [[5, 8], 14.44113408], [[6, 7], 19.23210144], [[6, 8], 86.09897247], [[7, 8], 85.42021983]], 
"num_nodes": 8, 
"edges_existing": []}