{"edges_to_augment": [[[1, 2], 10.48350811], [[1, 3], 6.47262564], [[1, 4], 37.24252456], [[1, 5], 60.99136388], [[1, 6], 10.34358713], [[1, 7], 22.67885109], [[1, 8], 34.2058888], [[2, 3], 68.07384357], [[2, 4], 9.06104663], [[2, 5], 35.97664177], [[2, 6], 9.72588957], [[2, 7], 43.22491268], [[2, 8], 56.08995344], [[3, 4], 24.83768207], [[3, 5], 27.51055995], [[3, 6], 43.11414445], [[3, 7], 44.78070361], [[3, 8], 69.14279049], [[4, 5], 58.54382313], [[4, 6], 54.41339377], [[4, 7], 60.55642014], [[4, 8], 7.471212], [[5, 6], 57.85976775], [[5, 7], 81.2243733], [[5, 8], 5.91224007], [[6, 7], 10.31689906], [[6, 8], 19.04420653], [[7, 8], 72.41238392]], 
"num_nodes": 8, 
"edges_existing": []}