{"edges_to_augment": [[[1, 2], 6.90665268], [[1, 3], 6.19589555], [[1, 4], 8.56102041], [[1, 5], 27.59620228], [[1, 6], 20.19645969], [[1, 7], 8.10909251], [[1, 8], 55.52714558], [[2, 3], 71.29726865], [[2, 4], 30.25201408], [[2, 5], 8.93737407], [[2, 6], 8.97815822], [[2, 7], 17.44252893], [[2, 8], 54.41562384], [[3, 4], 10.29421861], [[3, 5], 25.95685333], [[3, 6], 15.65163514], [[3, 7], 18.69868622], [[3, 8], 38.38479035], [[4, 5], 7.64214268], [[4, 6], 56.42644736], [[4, 7], 38.6210008], [[4, 8], 16.52498067], [[5, 6], 31.09254512], [[5, 7], 15.69509792], [[5, 8], 24.00138932], [[6, 7], 6.440522], [[6, 8], 84.80485674], [[7, 8], 66.70569091]], 
"num_nodes": 8, 
"edges_existing": []}