{"edges_to_augment":[[[1,2],7.99092526],[[1,3],19.02315258],[[1,4],40.14691411],[[1,5],46.09280538],[[1,6],9.833866],[[1,7],48.18167263],[[1,8],39.82260784],[[2,3],82.41229906],[[2,4],17.29267745],[[2,5],26.71409089],[[2,6],31.5899476],[[2,7],36.86484347],[[2,8],22.80787176],[[3,4],34.04612849],[[3,5],22.71538303],[[3,6],18.90184458],[[3,7],50.30855018],[[3,8],14.67138541],[[4,5],25.46215728],[[4,6],10.70067497],[[4,7],51.11705539],[[4,8],34.13777736],[[5,6],38.59576401],[[5,7],53.23072877],[[5,8],16.66371223],[[6,7],13.77864035],[[6,8],58.92133561],[[7,8],53.35073588]],
"num_nodes":8,
"edges_existing":[]}