{"edges_to_augment": [[[1, 2], 8.03598083], [[1, 3], 7.43338869], [[1, 4], 43.83863918], [[1, 5], 71.80769621], [[1, 6], 13.00477358], [[1, 7], 11.54517396], [[1, 8], 33.38579181], [[2, 3], 79.1444716], [[2, 4], 9.73257454], [[2, 5], 17.4772315], [[2, 6], 51.2706319], [[2, 7], 42.20465415], [[2, 8], 26.09697098], [[3, 4], 20.46920155], [[3, 5], 38.74644689], [[3, 6], 48.94310599], [[3, 7], 13.9798345], [[3, 8], 76.48617081], [[4, 5], 16.09239423], [[4, 6], 51.18823142], [[4, 7], 56.90377245], [[4, 8], 9.46140215], [[5, 6], 42.12841935], [[5, 7], 36.60397991], [[5, 8], 7.27409896], [[6, 7], 5.21454545], [[6, 8], 78.40255775], [[7, 8], 59.05115665]], "num_nodes": 8, "edges_existing": []}