{"edges_to_augment": [[[1, 2], 10.01851594], [[1, 3], 19.31346202], [[1, 4], 71.25506995], [[1, 5], 30.71145075], [[1, 6], 37.06474758], [[1, 7], 33.54560777], [[1, 8], 28.13492763], [[2, 3], 20.0138049], [[2, 4], 26.52062703], [[2, 5], 21.34440093], [[2, 6], 23.47650023], [[2, 7], 7.31048065], [[2, 8], 33.0833488], [[3, 4], 6.71719922], [[3, 5], 4.87779057], [[3, 6], 32.87557993], [[3, 7], 11.35548107], [[3, 8], 66.40463389], [[4, 5], 43.47998005], [[4, 6], 47.19340121], [[4, 7], 39.32587555], [[4, 8], 25.20762211], [[5, 6], 6.12712893], [[5, 7], 69.1827392], [[5, 8], 7.62388818], [[6, 7], 6.24163391], [[6, 8], 59.87901049], [[7, 8], 79.45479896]], 
"num_nodes": 8, 
"edges_existing": []}