{"edges_to_augment": [[[1, 2], 3.64212655], [[1, 3], 5.52250632], [[1, 4], 66.86450643], [[1, 5], 62.44555348], [[1, 6], 37.27495114], [[1, 7], 28.53703276], [[1, 8], 31.70263273], [[2, 3], 81.15811672], [[2, 4], 7.63616332], [[2, 5], 16.59840488], [[2, 6], 15.97956704], [[2, 7], 44.84533021], [[2, 8], 28.06670024], [[3, 4], 21.62655947], [[3, 5], 42.12385063], [[3, 6], 19.42044764], [[3, 7], 21.71735208], [[3, 8], 14.55629196], [[4, 5], 48.05547765], [[4, 6], 23.11344745], [[4, 7], 25.38940873], [[4, 8], 31.99657089], [[5, 6], 51.09865458], [[5, 7], 37.83077155], [[5, 8], 4.57256082], [[6, 7], 5.2614545], [[6, 8], 86.92714682], [[7, 8], 46.80454148]], "num_nodes": 8, "edges_existing": []}