{"edges_to_augment": [[[1, 2], 6.92521597], [[1, 3], 7.75028814], [[1, 4], 54.71533465], [[1, 5], 55.57192049], [[1, 6], 21.95044519], [[1, 7], 48.64154979], [[1, 8], 56.95333733], [[2, 3], 36.70011574], [[2, 4], 8.06245166], [[2, 5], 29.60624886], [[2, 6], 24.74438809], [[2, 7], 44.2117445], [[2, 8], 57.47199391], [[3, 4], 5.64067211], [[3, 5], 22.39929849], [[3, 6], 41.47878031], [[3, 7], 39.50606116], [[3, 8], 21.41038162], [[4, 5], 39.06562448], [[4, 6], 45.64338467], [[4, 7], 34.0785017], [[4, 8], 18.70339323], [[5, 6], 47.7420816], [[5, 7], 23.41663597], [[5, 8], 1.03842127], [[6, 7], 3.7914453], [[6, 8], 51.85202415], [[7, 8], 57.84910436]], "num_nodes": 8, "edges_existing": []}