{"edges_to_augment": [[[1, 2], 4.2498209], [[1, 3], 3.45617721], [[1, 4], 28.40868972], [[1, 5], 65.10694989], [[1, 6], 26.1829699], [[1, 7], 46.39846711], [[1, 8], 40.45976268], [[2, 3], 88.78730106], [[2, 4], 20.03315462], [[2, 5], 30.69531286], [[2, 6], 69.91190653], [[2, 7], 17.54647567], [[2, 8], 18.09217954], [[3, 4], 28.28874745], [[3, 5], 29.48397869], [[3, 6], 23.85384564], [[3, 7], 46.27354708], [[3, 8], 76.81592262], [[4, 5], 3.70739922], [[4, 6], 58.65715781], [[4, 7], 43.61451077], [[4, 8], 27.62906623], [[5, 6], 44.7344689], [[5, 7], 61.82610428], [[5, 8], 7.90685205], [[6, 7], 9.90481213], [[6, 8], 38.86756603], [[7, 8], 81.42645115]], 
"num_nodes": 8, 
"edges_existing": []}