{"edges_to_augment": [[[1, 2], 10.42474322], [[1, 3], 8.02687827], [[1, 4], 19.37955371], [[1, 5], 11.71501183], [[1, 6], 13.3010859], [[1, 7], 10.62191588], [[1, 8], 49.46184701], [[2, 3], 82.17896506], [[2, 4], 28.75845413], [[2, 5], 14.44319208], [[2, 6], 35.69908193], [[2, 7], 42.3833678], [[2, 8], 19.51888858], [[3, 4], 31.5215287], [[3, 5], 22.70531078], [[3, 6], 11.74402383], [[3, 7], 5.45685232], [[3, 8], 28.11630003], [[4, 5], 32.57005866], [[4, 6], 25.52710561], [[4, 7], 53.07966241], [[4, 8], 7.1690993], [[5, 6], 45.4156468], [[5, 7], 5.68900898], [[5, 8], 16.02478343], [[6, 7], 11.58604252], [[6, 8], 77.83647995], [[7, 8], 56.69796896]], "num_nodes": 8, "edges_existing": []}