{"edges_to_augment": [[[1, 2], 35.14018670421], [[1, 3], 59.1206113895], [[1, 4], 80.14220084913], [[1, 5], 3.78362848345], [[1, 6], 77.59982092901], [[1, 7], 69.12346553972], [[1, 8], 13.52462385462], [[2, 3], 35.26349963566], [[2, 4], 30.65551695597], [[2, 5], 44.6014378381], [[2, 6], 4.01261842024], [[2, 7], 67.75438447178], [[2, 8], 76.22957038048], [[3, 4], 26.02305452473], [[3, 5], 17.07379240462], [[3, 6], 62.32286957107], [[3, 7], 48.24675718159], [[3, 8], 53.72417932761], [[4, 5], 44.28605546416], [[4, 6], 80.85661671317], [[4, 7], 12.98170878548], [[4, 8], 65.15216198416], [[5, 6], 38.93899029202], [[5, 7], 52.57706711457], [[5, 8], 24.2370928598], [[6, 7], 76.53600736104], [[6, 8], 87.24672252921], [[7, 8], 53.04268875896]], "num_nodes": 8, "edges_existing": []}