{"edges_to_augment": [[[1, 2], 79.08367602146], [[1, 3], 63.821683273], [[1, 4], 25.48342018114], [[1, 5], 16.97408107181], [[1, 6], 42.95116437462], [[1, 7], 34.68895020487], [[1, 8], 60.5802044278], [[2, 3], 19.83244397295], [[2, 4], 81.23257112924], [[2, 5], 22.13720495634], [[2, 6], 65.6176811614], [[2, 7], 45.69627287222], [[2, 8], 7.41581851206], [[3, 4], 13.79530862404], [[3, 5], 69.7608609528], [[3, 6], 80.37361987406], [[3, 7], 41.97573965702], [[3, 8], 33.43116442585], [[4, 5], 83.38314369641], [[4, 6], 32.9298192963], [[4, 7], 51.78583029521], [[4, 8], 82.11124234235], [[5, 6], 18.58410231311], [[5, 7], 44.41560006351], [[5, 8], 30.12141515405], [[6, 7], 7.59156698452], [[6, 8], 14.47642030988], [[7, 8], 63.9238696635]], "num_nodes": 8, "edges_existing": []}