{"edges_to_augment": [[[1, 2], 14.51906444736], [[1, 3], 34.411187443], [[1, 4], 46.69560522376], [[1, 5], 14.5434026441], [[1, 6], 68.41066782749], [[1, 7], 72.42722725849], [[1, 8], 64.1669391453], [[2, 3], 31.10383452129], [[2, 4], 58.39352767876], [[2, 5], 55.60081821945], [[2, 6], 16.60739045443], [[2, 7], 65.71008865516], [[2, 8], 27.15629489715], [[3, 4], 67.32813534781], [[3, 5], 18.52927562035], [[3, 6], 24.20247440623], [[3, 7], 59.02359288977], [[3, 8], 40.54328269261], [[4, 5], 19.25426640737], [[4, 6], 21.49942019721], [[4, 7], 10.5306517073], [[4, 8], 44.17391885126], [[5, 6], 49.31158476539], [[5, 7], 58.85347436059], [[5, 8], 35.52566361675], [[6, 7], 51.45717461781], [[6, 8], 1.72165199398], [[7, 8], 22.07139493121]], "num_nodes": 8, "edges_existing": []}