{"edges_to_augment": [[[1, 2], 9.10975143132], [[1, 3], 36.15401267285], [[1, 4], 21.34545963698], [[1, 5], 62.02483878367], [[1, 6], 47.90829891362], [[1, 7], 55.70399625763], [[1, 8], 34.81215829794], [[2, 3], 17.883256408], [[2, 4], 51.64313063459], [[2, 5], 64.34157486936], [[2, 6], 54.23424716511], [[2, 7], 8.65991087368], [[2, 8], 32.7414813577], [[3, 4], 43.55952995312], [[3, 5], 26.32071156473], [[3, 6], 80.86683477038], [[3, 7], 57.73094082947], [[3, 8], 53.5566303389], [[4, 5], 47.73226734881], [[4, 6], 16.85875859832], [[4, 7], 67.45627620708], [[4, 8], 47.63963088699], [[5, 6], 60.79740717439], [[5, 7], 83.18806303702], [[5, 8], 18.48837902207], [[6, 7], 46.43334757504], [[6, 8], 56.10330771299], [[7, 8], 34.37901705472]], "num_nodes": 8, "edges_existing": []}