{"num_nodes":8,"new_data":{"edge_weights":[]},"old_data":{"edge_weights":[[[1,2],5.44886833],[[1,3],13.08712018],[[1,4],39.46027307],[[1,5],14.1892188],[[1,6],26.05597904],[[1,7],30.27875111],[[1,8],41.78781175],[[2,3],23.48954857],[[2,4],18.7721441],[[2,5],24.99245856],[[2,6],43.87579574],[[2,7],14.07365717],[[2,8],66.57985805],[[3,4],13.37912823],[[3,5],44.09255088],[[3,6],11.84524106],[[3,7],45.53007416],[[3,8],65.36609317],[[4,5],28.40296594],[[4,6],54.32742943],[[4,7],68.80068482],[[4,8],30.90846991],[[5,6],31.14667755],[[5,7],62.55792954],[[5,8],8.23723778],[[6,7],21.42670553],[[6,8],78.77734588],[[7,8],61.27586181]]}}
