{"edges_to_augment": [[[1, 2], 70.64392211102], [[1, 3], 33.2019318945], [[1, 4], 24.72260440458], [[1, 5], 10.49223299602], [[1, 6], 77.6438090607], [[1, 7], 22.70356880833], [[1, 8], 72.81095525423], [[2, 3], 13.79085879644], [[2, 4], 41.48547896693], [[2, 5], 40.73884222812], [[2, 6], 72.19357956905], [[2, 7], 44.26580811927], [[2, 8], 28.51313475848], [[3, 4], 24.29633698838], [[3, 5], 41.47194483856], [[3, 6], 66.61522104564], [[3, 7], 50.09282403025], [[3, 8], 48.2882887518], [[4, 5], 42.95319685198], [[4, 6], 49.49963920323], [[4, 7], 35.89943179733], [[4, 8], 34.59013279094], [[5, 6], 65.59045135597], [[5, 7], 40.95857678917], [[5, 8], 40.24393875679], [[6, 7], 21.34613873835], [[6, 8], 27.483768007], [[7, 8], 11.02019879952]], "num_nodes": 8, "edges_existing": []}