{"edges_to_augment": [[[1, 2], 37.59414325693], [[1, 3], 2.38559667439], [[1, 4], 46.06608316869], [[1, 5], 12.76595496625], [[1, 6], 40.6119356058], [[1, 7], 41.40861990191], [[1, 8], 64.00438473957], [[2, 3], 70.85524383124], [[2, 4], 50.99000387436], [[2, 5], 80.93378840648], [[2, 6], 10.95581651376], [[2, 7], 69.01873319531], [[2, 8], 90.64431463289], [[3, 4], 20.51460004673], [[3, 5], 35.04757191956], [[3, 6], 35.97376180426], [[3, 7], 19.4286001467], [[3, 8], 14.2957601404], [[4, 5], 59.2226924911], [[4, 6], 62.61855313431], [[4, 7], 15.68549933395], [[4, 8], 32.76463886083], [[5, 6], 70.47301155877], [[5, 7], 59.53709603298], [[5, 8], 57.34155445285], [[6, 7], 83.29766044174], [[6, 8], 39.25058990164], [[7, 8], 82.03704187224]], "num_nodes": 8, "edges_existing": []}