{"edges_to_augment": [[[1, 2], 51.3276899014], [[1, 3], 83.22723707073], [[1, 4], 23.6424027001], [[1, 5], 22.85450917061], [[1, 6], 22.10804913615], [[1, 7], 53.50083427788], [[1, 8], 44.53496709362], [[2, 3], 44.65308214369], [[2, 4], 68.73740436234], [[2, 5], 46.02968073899], [[2, 6], 23.82970862517], [[2, 7], 19.54257316508], [[2, 8], 63.92003330547], [[3, 4], 59.27867777537], [[3, 5], 63.05588264128], [[3, 6], 68.15010254738], [[3, 7], 63.30434228065], [[3, 8], 18.33910672948], [[4, 5], 9.80262589364], [[4, 6], 57.5000979126], [[4, 7], 26.81550933355], [[4, 8], 79.62108308164], [[5, 6], 37.47544743215], [[5, 7], 20.76388426611], [[5, 8], 56.64802777045], [[6, 7], 43.4576455064], [[6, 8], 57.09293726661], [[7, 8], 35.86962034396]], "num_nodes": 8, "edges_existing": []}