{"edges_to_augment": [[[1, 2], 26.7130726613], [[1, 3], 70.61859396034], [[1, 4], 27.92659512858], [[1, 5], 59.99103908364], [[1, 6], 34.00932832943], [[1, 7], 33.21642916142], [[1, 8], 90.8182033058], [[2, 3], 40.5088134656], [[2, 4], 24.40703261602], [[2, 5], 7.54790225128], [[2, 6], 71.54435201582], [[2, 7], 51.87189833118], [[2, 8], 63.08035681265], [[3, 4], 52.60910343117], [[3, 5], 36.80787379892], [[3, 6], 69.40420979931], [[3, 7], 52.79227007585], [[3, 8], 26.702574796], [[4, 5], 23.81486255393], [[4, 6], 39.93383462611], [[4, 7], 31.96187503056], [[4, 8], 61.23807993663], [[5, 6], 49.39397143022], [[5, 7], 52.60112745115], [[5, 8], 89.69338365137], [[6, 7], 14.8109364747], [[6, 8], 73.82988627501], [[7, 8], 61.2808737838]], "num_nodes": 8, "edges_existing": []}