{"edges_to_augment": [[[1, 2], 46.85909237486], [[1, 3], 14.90551092357], [[1, 4], 85.00387901949], [[1, 5], 30.07339745521], [[1, 6], 39.43440934997], [[1, 7], 51.80235222804], [[1, 8], 34.46955971778], [[2, 3], 74.32427247719], [[2, 4], 75.6525700883], [[2, 5], 43.64289970514], [[2, 6], 8.38693774696], [[2, 7], 22.75395692744], [[2, 8], 60.147573384], [[3, 4], 14.61241612685], [[3, 5], 73.84045896258], [[3, 6], 52.52935448387], [[3, 7], 59.3588466894], [[3, 8], 51.18212471772], [[4, 5], 46.37823089408], [[4, 6], 31.20200770489], [[4, 7], 79.70975265203], [[4, 8], 63.92883179675], [[5, 6], 39.28617112477], [[5, 7], 80.4527458441], [[5, 8], 16.31233901576], [[6, 7], 16.03306461218], [[6, 8], 37.12452218776], [[7, 8], 26.16885549808]], "num_nodes": 8, "edges_existing": []}