{"edges_to_augment": [[[1, 2], 71.45971442277], [[1, 3], 14.86372054567], [[1, 4], 63.03054098994], [[1, 5], 89.14298559211], [[1, 6], 58.55147173359], [[1, 7], 62.66075867755], [[1, 8], 53.44310073707], [[2, 3], 63.20026766782], [[2, 4], 73.8155075794], [[2, 5], 2.13490219579], [[2, 6], 51.63714281216], [[2, 7], 96.17001885112], [[2, 8], 30.5769838967], [[3, 4], 75.07434478325], [[3, 5], 84.02867899777], [[3, 6], 87.25932875817], [[3, 7], 9.3286291343], [[3, 8], 73.02003391555], [[4, 5], 62.78579556272], [[4, 6], 7.27973480542], [[4, 7], 53.10654047048], [[4, 8], 53.35445773091], [[5, 6], 23.55758799518], [[5, 7], 40.37756184548], [[5, 8], 9.43289371514], [[6, 7], 35.60682566006], [[6, 8], 49.13255690755], [[7, 8], 43.06693829684]], "num_nodes": 8, "edges_existing": []}