{"edges_to_augment": [[[1, 2], 15.87564981004], [[1, 3], 51.55874515491], [[1, 4], 7.4387955442], [[1, 5], 77.72852311266], [[1, 6], 80.14276328589], [[1, 7], 70.05231802491], [[1, 8], 51.62555509109], [[2, 3], 49.42996441431], [[2, 4], 6.88659906688], [[2, 5], 86.77443973186], [[2, 6], 47.20340562023], [[2, 7], 48.47959021819], [[2, 8], 44.98537645294], [[3, 4], 50.50139865758], [[3, 5], 44.85787822677], [[3, 6], 12.54481162835], [[3, 7], 51.23915647896], [[3, 8], 36.41377978303], [[4, 5], 45.44754393329], [[4, 6], 71.40560936738], [[4, 7], 37.54784737971], [[4, 8], 48.70584263604], [[5, 6], 18.38593544954], [[5, 7], 71.50577847441], [[5, 8], 30.0439232955], [[6, 7], 64.49890036573], [[6, 8], 75.21980056254], [[7, 8], 16.7741006148]], "num_nodes": 8, "edges_existing": []}