{"edges_to_augment": [[[1, 2], 77.86228710017], [[1, 3], 32.68448563526], [[1, 4], 25.02984341513], [[1, 5], 75.08162703446], [[1, 6], 83.5317810113], [[1, 7], 75.13808500855], [[1, 8], 44.51806029575], [[2, 3], 34.00379931245], [[2, 4], 19.08472182878], [[2, 5], 55.86758234253], [[2, 6], 65.39655529855], [[2, 7], 40.17274954927], [[2, 8], 49.45551153539], [[3, 4], 49.39890025855], [[3, 5], 29.85374565026], [[3, 6], 15.21333179569], [[3, 7], 47.71111524127], [[3, 8], 54.7085545331], [[4, 5], 83.7392088644], [[4, 6], 87.03803545503], [[4, 7], 5.89207107391], [[4, 8], 60.54356911114], [[5, 6], 10.67661129244], [[5, 7], 9.11273041373], [[5, 8], 35.52678584584], [[6, 7], 75.40012298152], [[6, 8], 72.04401461869], [[7, 8], 22.36605336481]], "num_nodes": 8, "edges_existing": []}