{"edges_to_augment": [[[1, 2], 4.3837854685], [[1, 3], 76.49982728148], [[1, 4], 48.98345328129], [[1, 5], 51.24455615561], [[1, 6], 49.0489875616], [[1, 7], 39.76997850214], [[1, 8], 56.76163164462], [[2, 3], 75.09826031828], [[2, 4], 72.27332780053], [[2, 5], 93.38827606108], [[2, 6], 53.574123342], [[2, 7], 82.35992074517], [[2, 8], 64.0357237144], [[3, 4], 23.855730668], [[3, 5], 16.52723973855], [[3, 6], 37.02176627201], [[3, 7], 48.39356775291], [[3, 8], 77.16457639517], [[4, 5], 36.45333175324], [[4, 6], 18.29121744847], [[4, 7], 11.49832511331], [[4, 8], 33.705690813], [[5, 6], 47.81847905178], [[5, 7], 74.58068277161], [[5, 8], 57.61563849494], [[6, 7], 56.01951806518], [[6, 8], 13.08464727421], [[7, 8], 56.9437209967]], "num_nodes": 8, "edges_existing": []}