{"edges_to_augment": [[[1, 2], 36.01047948517], [[1, 3], 78.46536298993], [[1, 4], 17.67943266858], [[1, 5], 59.4749839006], [[1, 6], 35.51524882326], [[1, 7], 61.23220903518], [[1, 8], 81.9543686558], [[2, 3], 46.64780669359], [[2, 4], 33.58630643213], [[2, 5], 14.0433082477], [[2, 6], 26.21142059412], [[2, 7], 21.50185559667], [[2, 8], 71.8904018805], [[3, 4], 37.80803328929], [[3, 5], 32.28783467072], [[3, 6], 20.96820022067], [[3, 7], 51.89073064997], [[3, 8], 57.7219967894], [[4, 5], 48.40620534219], [[4, 6], 42.70037577362], [[4, 7], 85.26747572183], [[4, 8], 27.4613833551], [[5, 6], 65.12540738332], [[5, 7], 24.52970286], [[5, 8], 40.52127917949], [[6, 7], 16.31360665352], [[6, 8], 29.55596923855], [[7, 8], 21.15133892007]], "num_nodes": 8, "edges_existing": []}