{"num_nodes":8,"new_data":{"edge_weights":[]},"old_data":{"edge_weights":[[[1,2],3.16645282],[[1,3],10.8187889],[[1,4],69.60956587],[[1,5],7.77115346],[[1,6],35.86666997],[[1,7],47.75868282],[[1,8],11.38458816],[[2,3],23.45229462],[[2,4],26.60815132],[[2,5],13.74303076],[[2,6],63.81731541],[[2,7],56.87486328],[[2,8],12.73353792],[[3,4],16.16469061],[[3,5],30.17409064],[[3,6],46.71676406],[[3,7],41.70446212],[[3,8],66.89886598],[[4,5],5.84059075],[[4,6],57.49487861],[[4,7],67.21049178],[[4,8],14.1015883],[[5,6],63.50242749],[[5,7],61.73208312],[[5,8],23.61779788],[[6,7],11.42678609],[[6,8],38.99716527],[[7,8],98.91310823]]}}
