{"edges_to_augment": [[[1, 2], 43.91820592648], [[1, 3], 57.07928831823], [[1, 4], 35.70728260475], [[1, 5], 85.18080057096], [[1, 6], 74.70750453398], [[1, 7], 25.86197219463], [[1, 8], 8.23467511631], [[2, 3], 6.8357952529], [[2, 4], 78.34681423537], [[2, 5], 64.95776571834], [[2, 6], 56.85929427157], [[2, 7], 29.55284485463], [[2, 8], 31.07013089335], [[3, 4], 26.74489949444], [[3, 5], 58.10696545282], [[3, 6], 61.54650894598], [[3, 7], 67.51317107313], [[3, 8], 70.12255177812], [[4, 5], 59.04093292987], [[4, 6], 27.44815501968], [[4, 7], 3.63879018829], [[4, 8], 55.83061406056], [[5, 6], 32.65586959971], [[5, 7], 12.10037155064], [[5, 8], 84.42974173372], [[6, 7], 61.13278271968], [[6, 8], 15.18150378911], [[7, 8], 76.48113950049]], "num_nodes": 8, "edges_existing": []}