{"edges_to_augment": [[[1, 2], 18.71701088038], [[1, 3], 76.8777850957], [[1, 4], 17.83777074115], [[1, 5], 89.07856129207], [[1, 6], 58.8944343965], [[1, 7], 70.47355136037], [[1, 8], 75.7990389381], [[2, 3], 46.16710866068], [[2, 4], 44.11446998496], [[2, 5], 64.84165393131], [[2, 6], 49.92551397219], [[2, 7], 52.03163929767], [[2, 8], 18.13581384625], [[3, 4], 47.25993961856], [[3, 5], 19.2898002704], [[3, 6], 20.20770440213], [[3, 7], 22.7733170187], [[3, 8], 70.31966282824], [[4, 5], 46.9865153392], [[4, 6], 24.27937806924], [[4, 7], 29.027030236], [[4, 8], 27.68964332399], [[5, 6], 65.21047753232], [[5, 7], 58.75643893069], [[5, 8], 64.11669566819], [[6, 7], 18.55237594311], [[6, 8], 36.13928721268], [[7, 8], 76.38226850024]], "num_nodes": 8, "edges_existing": []}