{"edges_to_augment": [[[1, 2], 13.80820978337], [[1, 3], 21.93758729933], [[1, 4], 52.08801127997], [[1, 5], 63.93093674722], [[1, 6], 56.80650847134], [[1, 7], 45.26698039947], [[1, 8], 35.94206304758], [[2, 3], 19.60286145575], [[2, 4], 47.63184946865], [[2, 5], 46.78463339371], [[2, 6], 25.49926354987], [[2, 7], 19.81449334242], [[2, 8], 19.83806789091], [[3, 4], 53.28128655884], [[3, 5], 33.41913435547], [[3, 6], 20.9306747542], [[3, 7], 61.99605625255], [[3, 8], 50.11583931621], [[4, 5], 25.50206601103], [[4, 6], 21.19113458158], [[4, 7], 78.19544337915], [[4, 8], 21.82253629165], [[5, 6], 57.96300816953], [[5, 7], 97.32280288084], [[5, 8], 15.20455102302], [[6, 7], 54.96647881793], [[6, 8], 41.27141530578], [[7, 8], 27.5154083466]], "num_nodes": 8, "edges_existing": []}