{"edges_to_augment": [[[1, 2], 64.18639393769], [[1, 3], 18.66897847504], [[1, 4], 70.91969413543], [[1, 5], 73.23604457345], [[1, 6], 49.85880947547], [[1, 7], 85.44441969444], [[1, 8], 72.83155620482], [[2, 3], 46.41539858526], [[2, 4], 57.07477320543], [[2, 5], 33.05834266565], [[2, 6], 32.86839387783], [[2, 7], 73.26094639807], [[2, 8], 12.1818452996], [[3, 4], 25.26404413319], [[3, 5], 62.44979831286], [[3, 6], 23.03358616675], [[3, 7], 88.62571304206], [[3, 8], 51.62253288537], [[4, 5], 38.34716482576], [[4, 6], 49.41346005763], [[4, 7], 56.25152000295], [[4, 8], 60.57514835732], [[5, 6], 31.09459905495], [[5, 7], 26.51165868588], [[5, 8], 68.25513627655], [[6, 7], 51.74870329085], [[6, 8], 44.30119355565], [[7, 8], 16.41881208855]], "num_nodes": 8, "edges_existing": []}