{"edges_to_augment": [[[1, 2], 97.80597952867], [[1, 3], 83.91535467042], [[1, 4], 83.86153960829], [[1, 5], 78.58081172594], [[1, 6], 51.01734113324], [[1, 7], 73.84207591973], [[1, 8], 30.46478994527], [[2, 3], 41.79104180552], [[2, 4], 33.02770856725], [[2, 5], 24.19944794236], [[2, 6], 58.12762913151], [[2, 7], 70.51281778876], [[2, 8], 84.51256350419], [[3, 4], 53.25939705955], [[3, 5], 46.57191076318], [[3, 6], 85.69119683117], [[3, 7], 27.75674781601], [[3, 8], 58.58510119251], [[4, 5], 37.02322702479], [[4, 6], 11.49841521893], [[4, 7], 60.65534478214], [[4, 8], 51.8924170299], [[5, 6], 35.0399225396], [[5, 7], 61.92301443864], [[5, 8], 61.49622854212], [[6, 7], 45.6420107038], [[6, 8], 20.49738240579], [[7, 8], 16.68956346744]], "num_nodes": 8, "edges_existing": []}