{"edges_to_augment": [[[1, 2], 21.08757048243], [[1, 3], 40.87205657847], [[1, 4], 65.38270057387], [[1, 5], 46.74362460688], [[1, 6], 13.80675264636], [[1, 7], 27.276474574], [[1, 8], 22.07683239256], [[2, 3], 62.28130336769], [[2, 4], 60.77227007449], [[2, 5], 48.81418958431], [[2, 6], 7.92589996778], [[2, 7], 51.60361156759], [[2, 8], 56.71374523343], [[3, 4], 79.80996417502], [[3, 5], 39.48441810301], [[3, 6], 66.06554856759], [[3, 7], 23.40061252797], [[3, 8], 66.78379704243], [[4, 5], 54.30282351191], [[4, 6], 40.03628643885], [[4, 7], 27.68304607604], [[4, 8], 22.67088393461], [[5, 6], 44.97459407886], [[5, 7], 13.32778152038], [[5, 8], 79.03847574973], [[6, 7], 78.09909867121], [[6, 8], 46.51786382282], [[7, 8], 47.43661772417]], "num_nodes": 8, "edges_existing": []}