{"edges_to_augment": [[[1, 2], 52.60759931821], [[1, 3], 89.05291430039], [[1, 4], 59.30140005288], [[1, 5], 50.67366939077], [[1, 6], 4.46429263231], [[1, 7], 70.18547652778], [[1, 8], 19.96364608358], [[2, 3], 64.10639038518], [[2, 4], 18.87876448121], [[2, 5], 70.57041668924], [[2, 6], 26.08477815892], [[2, 7], 76.90436146875], [[2, 8], 23.37112235268], [[3, 4], 59.26394636454], [[3, 5], 69.71942968794], [[3, 6], 22.19444745352], [[3, 7], 14.63754866613], [[3, 8], 55.45814556508], [[4, 5], 69.52169497177], [[4, 6], 71.78911758964], [[4, 7], 78.46765276782], [[4, 8], 45.98769594036], [[5, 6], 85.26657467185], [[5, 7], 17.00446751673], [[5, 8], 58.00651108204], [[6, 7], 75.61494051627], [[6, 8], 63.38907404417], [[7, 8], 25.85412270059]], "num_nodes": 8, "edges_existing": []}