{"edges_to_augment": [[[1, 2], 74.27646463524], [[1, 3], 32.51264120773], [[1, 4], 82.5095425036], [[1, 5], 16.13864366193], [[1, 6], 59.66839702338], [[1, 7], 88.45692889921], [[1, 8], 16.40292608461], [[2, 3], 59.06231004938], [[2, 4], 56.71000093935], [[2, 5], 17.99249389102], [[2, 6], 14.21829377403], [[2, 7], 36.58291533166], [[2, 8], 78.33622676076], [[3, 4], 15.06239736972], [[3, 5], 40.95783897346], [[3, 6], 44.61072215971], [[3, 7], 14.0666181617], [[3, 8], 18.14711316775], [[4, 5], 11.30938421828], [[4, 6], 74.85695275408], [[4, 7], 26.22322032976], [[4, 8], 48.47208583708], [[5, 6], 41.46850533445], [[5, 7], 61.38202215047], [[5, 8], 53.77602113639], [[6, 7], 47.44108265931], [[6, 8], 36.9453692823], [[7, 8], 54.94609258007]], "num_nodes": 8, "edges_existing": []}