{"edges_to_augment": [[[1, 2], 86.05933980792], [[1, 3], 28.43091155184], [[1, 4], 44.24067349284], [[1, 5], 48.40634578617], [[1, 6], 80.50455509141], [[1, 7], 26.44752294866], [[1, 8], 11.24176614635], [[2, 3], 54.94515493369], [[2, 4], 44.90680392235], [[2, 5], 41.87597301683], [[2, 6], 19.97867649118], [[2, 7], 2.00484073607], [[2, 8], 32.73751169196], [[3, 4], 80.592355491], [[3, 5], 52.74529096757], [[3, 6], 20.9564890166], [[3, 7], 66.12716686599], [[3, 8], 13.58909314893], [[4, 5], 2.53331775446], [[4, 6], 85.28445070367], [[4, 7], 74.82810121598], [[4, 8], 30.55509712802], [[5, 6], 47.38371618211], [[5, 7], 72.83504167204], [[5, 8], 81.48941439968], [[6, 7], 74.78013692098], [[6, 8], 90.07090732676], [[7, 8], 70.30116612442]], "num_nodes": 8, "edges_existing": []}