{"edges_to_augment": [[[1, 2], 67.73942768113], [[1, 3], 64.27863520743], [[1, 4], 18.02152577271], [[1, 5], 88.4014758993], [[1, 6], 6.14182688684], [[1, 7], 43.25801436967], [[1, 8], 82.68661695289], [[2, 3], 8.44428565689], [[2, 4], 8.7266506507], [[2, 5], 49.20493191104], [[2, 6], 52.11122804421], [[2, 7], 23.28853053415], [[2, 8], 44.89038132259], [[3, 4], 43.46090454515], [[3, 5], 41.454337775], [[3, 6], 62.88227486211], [[3, 7], 37.81483170932], [[3, 8], 37.42827671809], [[4, 5], 64.64787205342], [[4, 6], 30.50951896546], [[4, 7], 62.80088882009], [[4, 8], 26.60086226772], [[5, 6], 73.02334186535], [[5, 7], 49.47681511652], [[5, 8], 23.94529852227], [[6, 7], 38.25107706318], [[6, 8], 82.22059195006], [[7, 8], 83.3278710286]], "num_nodes": 8, "edges_existing": []}