{"num_nodes":8,"new_data":{"edge_weights":[]},"old_data":{"edge_weights":[[[1,2],2.54435669],[[1,3],18.56556572],[[1,4],23.98261815],[[1,5],44.33284202],[[1,6],11.51310294],[[1,7],47.63410307],[[1,8],8.19563484],[[2,3],17.5482274],[[2,4],20.90245192],[[2,5],29.84756655],[[2,6],56.82836855],[[2,7],16.09395319],[[2,8],45.78436862],[[3,4],20.02950735],[[3,5],21.8827734],[[3,6],21.30597426],[[3,7],19.58317524],[[3,8],13.96084093],[[4,5],33.4478896],[[4,6],50.94005101],[[4,7],7.76338538],[[4,8],22.46237759],[[5,6],60.60436192],[[5,7],57.27900166],[[5,8],7.59931309],[[6,7],19.49215754],[[6,8],7.16335311],[[7,8],98.61299998]]}}
