{"edges_to_augment": [[[1, 2], 54.63640063889], [[1, 3], 42.21540506604], [[1, 4], 87.303833719], [[1, 5], 19.1432234123], [[1, 6], 85.38283168928], [[1, 7], 79.79051433633], [[1, 8], 52.62174636884], [[2, 3], 28.75726441215], [[2, 4], 12.89055723012], [[2, 5], 39.72508445235], [[2, 6], 45.38896008393], [[2, 7], 25.97573009082], [[2, 8], 68.76022745445], [[3, 4], 38.15197094892], [[3, 5], 78.29427534927], [[3, 6], 14.27408597025], [[3, 7], 46.93652502388], [[3, 8], 38.42958745831], [[4, 5], 25.59205666817], [[4, 6], 18.77274816669], [[4, 7], 18.89860411595], [[4, 8], 17.36986714855], [[5, 6], 67.71517870092], [[5, 7], 38.69944807053], [[5, 8], 24.81829516812], [[6, 7], 56.90539231899], [[6, 8], 82.62667177005], [[7, 8], 31.31146362292]], "num_nodes": 8, "edges_existing": []}