{"num_nodes":8,"new_data":{"edge_weights":[]},"old_data":{"edge_weights":[[[1,2],3.368154],[[1,3],5.35355029],[[1,4],64.68425269],[[1,5],66.92537354],[[1,6],28.20319637],[[1,7],41.09406212],[[1,8],53.2840515],[[2,3],34.11922102],[[2,4],8.38952229],[[2,5],27.28529799],[[2,6],35.90366662],[[2,7],11.07593614],[[2,8],51.04992171],[[3,4],33.15450637],[[3,5],33.272782],[[3,6],28.63570287],[[3,7],34.56256735],[[3,8],59.18245988],[[4,5],28.88374393],[[4,6],20.30478655],[[4,7],43.51347838],[[4,8],15.10969688],[[5,6],62.45830871],[[5,7],34.92515414],[[5,8],3.26463939],[[6,7],4.67366732],[[6,8],27.09455231],[[7,8],45.43674753]]}}
