{"edges_to_augment":[[[1,2],5.72120543],[[1,3],8.82806907],[[1,4],22.01989805],[[1,5],55.96602625],[[1,6],5.38379793],[[1,7],34.17846828],[[1,8],43.54629085],[[2,3],17.8226883],[[2,4],18.46226736],[[2,5],31.07365368],[[2,6],26.09015892],[[2,7],18.06769179],[[2,8],28.87909518],[[3,4],23.52688078],[[3,5],25.0143854],[[3,6],48.80113724],[[3,7],40.53281066],[[3,8],53.07849663],[[4,5],37.83475436],[[4,6],38.27513452],[[4,7],4.02365448],[[4,8],19.76571422],[[5,6],50.39539705],[[5,7],50.88402124],[[5,8],11.78599097],[[6,7],12.49078429],[[6,8],35.47689242],[[7,8],71.74961639]],
"num_nodes":8,
"edges_existing":[]}