{"edges_to_augment":[[[1,2],1.53702996],[[1,3],12.50544751],[[1,4],45.07677657],[[1,5],68.27068147],[[1,6],6.6077506],[[1,7],20.67228119],[[1,8],37.89282008],[[2,3],76.16628383],[[2,4],11.9958075],[[2,5],10.90295105],[[2,6],25.44974655],[[2,7],57.97325907],[[2,8],36.48232927],[[3,4],37.79417836],[[3,5],22.84831079],[[3,6],20.84326874],[[3,7],15.40641438],[[3,8],39.68838146],[[4,5],37.31135731],[[4,6],29.05634065],[[4,7],36.09728517],[[4,8],27.62267045],[[5,6],63.98893209],[[5,7],59.29250168],[[5,8],4.2199985],[[6,7],12.75739864],[[6,8],33.2233901],[[7,8],105.43144876]],
"num_nodes":8,
"edges_existing":[]}