{"edges_to_augment":[[[1,2],7.473368],[[1,3],13.87111265],[[1,4],74.94521898],[[1,5],59.78535717],[[1,6],28.4985961],[[1,7],36.55851269],[[1,8],41.39243302],[[2,3],63.10377657],[[2,4],1.11793355],[[2,5],18.25475994],[[2,6],56.46002461],[[2,7],30.67008208],[[2,8],28.41471284],[[3,4],21.08982446],[[3,5],12.33219799],[[3,6],26.30350622],[[3,7],31.32768436],[[3,8],38.78352823],[[4,5],34.870024],[[4,6],35.74326856],[[4,7],13.80675812],[[4,8],6.83487421],[[5,6],74.23951695],[[5,7],78.29069725],[[5,8],8.18161553],[[6,7],13.60740805],[[6,8],60.7305308],[[7,8],100.5093528]],
"num_nodes":8,
"edges_existing":[]}