{"edges_to_augment":[[[1,2],172.77727718],[[1,3],88.84361996],[[1,4],135.73570564],[[1,5],160.6629387],[[1,6],161.2440175],[[1,7],238.7479398],[[1,8],9.65338141],[[1,9],29.8508657],[[1,10],56.6784244],[[1,11],77.94927168],[[1,12],74.58630656],[[1,13],57.17821561],[[1,14],60.50208409],[[1,15],93.87786039],[[2,3],112.19587286],[[2,4],194.35006045],[[2,5],177.99141627],[[2,6],185.47955782],[[2,7],8.76037018],[[2,8],25.84119274],[[2,9],52.26819918],[[2,10],10.25325692],[[2,11],68.43828898],[[2,12],116.33701991],[[2,13],159.10461243],[[2,14],41.08248242],[[2,15],144.56993032],[[3,4],283.23215385],[[3,5],122.14006211],[[3,6],2.32149212],[[3,7],24.35099946],[[3,8],69.90221485],[[3,9],22.17488198],[[3,10],50.26980598],[[3,11],157.33163169],[[3,12],10.3690511],[[3,13],118.81262497],[[3,14],158.9536007],[[3,15],120.48965725],[[4,5],10.66911172],[[4,6],28.36958258],[[4,7],38.64699159],[[4,8],46.97866903],[[4,9],63.37093523],[[4,10],31.91112193],[[4,11],44.14197105],[[4,12],78.14131913],[[4,13],93.13840007],[[4,14],263.27349076],[[4,15],251.93342945],[[5,6],35.23950797],[[5,7],28.06126133],[[5,8],34.69117851],[[5,9],20.16431161],[[5,10],58.78347517],[[5,11],110.91812703],[[5,12],170.06088551],[[5,13],77.71271453],[[5,14],233.075577],[[5,15],148.85624043],[[6,7],65.38668995],[[6,8],85.05786259],[[6,9],67.7525684],[[6,10],99.69927551],[[6,11],128.21069428],[[6,12],149.27243841],[[6,13],142.32779613],[[6,14],100.04968049],[[6,15],326.55406193],[[7,8],110.22199195],[[7,9],106.81147463],[[7,10],148.99804032],[[7,11],81.66603941],[[7,12],264.1173402],[[7,13],221.76753383],[[7,14],175.01801037],[[7,15],287.67096672],[[8,9],77.17298964],[[8,10],135.57992697],[[8,11],191.00962824],[[8,12],91.26865267],[[8,13],226.00547833],[[8,14],289.38522009],[[8,15],214.04479927],[[9,10],228.12206204],[[9,11],161.0207767],[[9,12],122.76142031],[[9,13],253.31119028],[[9,14],212.76146075],[[9,15],7.45637578],[[10,11],105.86813855],[[10,12],137.9628065],[[10,13],183.67565846],[[10,14],7.85988439],[[10,15],19.29354444],[[11,12],286.11803915],[[11,13],4.70676193],[[11,14],41.21737449],[[11,15],39.48369569],[[12,13],30.68943392],[[12,14],43.93820768],[[12,15],54.25980791],[[13,14],76.81675359],[[13,15],63.6884988],[[14,15],75.66132088]],
"num_nodes":15,
"edges_existing":[]}