{"edges_to_augment":[[[1,2],62.92753807],[[1,3],139.19912834],[[1,4],183.9159193],[[1,5],218.33118573],[[1,6],48.3622438],[[1,7],211.44970641],[[1,8],1.52558085],[[1,9],12.1266791],[[1,10],24.59954095],[[1,11],49.07740193],[[1,12],129.87152973],[[1,13],104.66251031],[[1,14],108.04214061],[[1,15],19.54086069],[[2,3],103.46207474],[[2,4],277.89945633],[[2,5],210.08719471],[[2,6],315.83013279],[[2,7],8.43458809],[[2,8],3.72987597],[[2,9],37.73570635],[[2,10],17.77014975],[[2,11],55.21392257],[[2,12],140.33212554],[[2,13],98.26788142],[[2,14],135.42805731],[[2,15],104.64177202],[[3,4],137.2110424],[[3,5],108.02487314],[[3,6],19.37967729],[[3,7],3.9606852],[[3,8],47.67678777],[[3,9],34.28750222],[[3,10],68.90262713],[[3,11],85.90795927],[[3,12],56.55516463],[[3,13],112.03204882],[[3,14],138.2818742],[[3,15],18.91748795],[[4,5],16.49401262],[[4,6],25.00487362],[[4,7],48.18514412],[[4,8],21.48463988],[[4,9],104.70360733],[[4,10],128.92628852],[[4,11],57.72239764],[[4,12],112.07135084],[[4,13],161.38978126],[[4,14],130.43761016],[[4,15],120.2209842],[[5,6],33.54355117],[[5,7],68.12343247],[[5,8],96.75519956],[[5,9],47.45340642],[[5,10],134.89570949],[[5,11],169.88452968],[[5,12],124.30119567],[[5,13],253.30512973],[[5,14],203.91440314],[[5,15],107.12291073],[[6,7],77.23785684],[[6,8],132.42985226],[[6,9],69.91104528],[[6,10],126.41748874],[[6,11],28.10957552],[[6,12],148.45309915],[[6,13],89.86014972],[[6,14],158.89448879],[[6,15],193.39706908],[[7,8],69.36218552],[[7,9],58.99391801],[[7,10],67.13082837],[[7,11],127.05715259],[[7,12],78.65310224],[[7,13],270.39669164],[[7,14],69.46703391],[[7,15],351.07767429],[[8,9],106.67463716],[[8,10],121.30947071],[[8,11],214.12400412],[[8,12],112.05720968],[[8,13],104.50148274],[[8,14],269.67374234],[[8,15],287.5154552],[[9,10],225.68030373],[[9,11],104.20340576],[[9,12],280.99904749],[[9,13],289.24089799],[[9,14],189.85351869],[[9,15],3.86702868],[[10,11],70.47993215],[[10,12],208.64782058],[[10,13],155.05615403],[[10,14],6.66365876],[[10,15],11.64284975],[[11,12],137.36197653],[[11,13],6.82890299],[[11,14],25.95790771],[[11,15],44.14383857],[[12,13],23.98003844],[[12,14],30.12566658],[[12,15],49.90626076],[[13,14],9.72167116],[[13,15],56.50395385],[[14,15],100.67861466]],"num_nodes":15,"edges_existing":[]}