{"num_nodes":15,"new_data":{"edge_weights":[]},"old_data":{"edge_weights":[[[1,2],107.08102273],[[1,3],204.80764913],[[1,4],66.12052289],[[1,5],214.72209269],[[1,6],141.28068333],[[1,7],225.67465947],[[1,8],4.99824242],[[1,9],27.40217653],[[1,10],24.79060198],[[1,11],15.10213069],[[1,12],136.31106337],[[1,13],52.60631385],[[1,14],146.14937158],[[1,15],122.21851253],[[2,3],210.62504904],[[2,4],194.78037197],[[2,5],179.51734911],[[2,6],371.31449931],[[2,7],18.54138571],[[2,8],15.09339169],[[2,9],64.04910117],[[2,10],71.22467238],[[2,11],64.62051199],[[2,12],151.29110838],[[2,13],104.70610587],[[2,14],71.60853631],[[2,15],151.75228144],[[3,4],114.80036587],[[3,5],134.63688944],[[3,6],18.37911482],[[3,7],24.23976575],[[3,8],14.82726223],[[3,9],70.3646276],[[3,10],52.26320713],[[3,11],36.81955032],[[3,12],127.14835869],[[3,13],106.71925175],[[3,14],86.78163424],[[3,15],172.12953297],[[4,5],6.04784639],[[4,6],21.3624675],[[4,7],46.51147951],[[4,8],34.45207549],[[4,9],104.79141072],[[4,10],101.82754738],[[4,11],83.7548311],[[4,12],48.20162057],[[4,13],104.36527353],[[4,14],26.43059667],[[4,15],138.23049738],[[5,6],43.10662935],[[5,7],52.49625678],[[5,8],39.98915457],[[5,9],86.21735888],[[5,10],140.00420594],[[5,11],16.35695045],[[5,12],65.23216338],[[5,13],212.68751213],[[5,14],129.75047581],[[5,15],197.45647869],[[6,7],48.05855309],[[6,8],77.94721436],[[6,9],88.0332633],[[6,10],150.12868403],[[6,11],89.03663925],[[6,12],155.60928831],[[6,13],259.09151224],[[6,14],274.19675198],[[6,15],160.39314984],[[7,8],134.17751187],[[7,9],188.59576969],[[7,10],18.57528059],[[7,11],46.00588172],[[7,12],94.15496283],[[7,13],206.18495006],[[7,14],86.15008739],[[7,15],382.41952952],[[8,9],114.36552762],[[8,10],62.90215326],[[8,11],142.9775845],[[8,12],160.46295642],[[8,13],206.17467582],[[8,14],137.71299476],[[8,15],236.22015264],[[9,10],216.53611198],[[9,11],113.39718039],[[9,12],254.53878526],[[9,13],152.74633535],[[9,14],65.48784174],[[9,15],7.43598662],[[10,11],239.44381608],[[10,12],43.26357124],[[10,13],252.95503394],[[10,14],6.71821156],[[10,15],20.96452561],[[11,12],105.4202192],[[11,13],6.4320536],[[11,14],20.99100099],[[11,15],59.38341949],[[12,13],37.88291588],[[12,14],8.42872957],[[12,15],38.78294429],[[13,14],44.0983957],[[13,15],49.13542168],[[14,15],72.0827291]]}}
