{"num_nodes":15,"new_data":{"edge_weights":[]},"old_data":{"edge_weights":[[[1,2],235.98899797],[[1,3],23.38684248],[[1,4],77.21252778],[[1,5],91.2084164],[[1,6],189.7228511],[[1,7],368.88361875],[[1,8],8.93829114],[[1,9],25.73707637],[[1,10],18.71106246],[[1,11],51.58414377],[[1,12],78.48410568],[[1,13],97.96061891],[[1,14],109.33540088],[[1,15],172.23610668],[[2,3],151.19192196],[[2,4],224.19352879],[[2,5],237.5224232],[[2,6],279.91023138],[[2,7],7.80699426],[[2,8],12.33466995],[[2,9],10.45103788],[[2,10],68.70548696],[[2,11],39.51337033],[[2,12],85.44524123],[[2,13],96.29199981],[[2,14],177.23846016],[[2,15],30.23122051],[[3,4],212.99004818],[[3,5],230.52201128],[[3,6],15.03344501],[[3,7],7.36334842],[[3,8],30.64249396],[[3,9],56.2819159],[[3,10],56.31266721],[[3,11],111.28442149],[[3,12],128.19317646],[[3,13],111.86129582],[[3,14],183.71126641],[[3,15],186.00665297],[[4,5],10.47210046],[[4,6],43.33180333],[[4,7],51.00885147],[[4,8],94.72920043],[[4,9],85.96074569],[[4,10],57.49655506],[[4,11],63.94643834],[[4,12],105.56855979],[[4,13],57.9877963],[[4,14],89.08461369],[[4,15],196.21659244],[[5,6],55.51308714],[[5,7],61.09370033],[[5,8],66.83731371],[[5,9],145.36380129],[[5,10],146.81211094],[[5,11],126.97565718],[[5,12],218.38425514],[[5,13],258.43038786],[[5,14],171.89655089],[[5,15],76.40336665],[[6,7],98.60411667],[[6,8],85.97733365],[[6,9],92.09474329],[[6,10],66.14129352],[[6,11],79.04755035],[[6,12],284.74593491],[[6,13],144.39781724],[[6,14],235.22296831],[[6,15],106.0493078],[[7,8],109.95890114],[[7,9],161.81046473],[[7,10],206.85668614],[[7,11],151.61024795],[[7,12],79.46904021],[[7,13],143.0576731],[[7,14],159.424526],[[7,15],197.48706547],[[8,9],136.82563425],[[8,10],73.23561135],[[8,11],202.82565028],[[8,12],220.1342717],[[8,13],105.90851572],[[8,14],231.28119393],[[8,15],272.62742466],[[9,10],145.85370409],[[9,11],180.72687442],[[9,12],116.29731377],[[9,13],279.08123401],[[9,14],164.19005718],[[9,15],5.56381097],[[10,11],337.28452686],[[10,12],105.74447883],[[10,13],139.20311559],[[10,14],4.08967405],[[10,15],40.31476246],[[11,12],219.32945824],[[11,13],4.28192601],[[11,14],23.91786785],[[11,15],33.46991111],[[12,13],19.37180998],[[12,14],57.64914672],[[12,15],82.04501267],[[13,14],44.16626061],[[13,15],82.15643425],[[14,15],55.69804224]]}}
