{"edges_to_augment":[[[1,2],118.75757501],[[1,3],187.65271234],[[1,4],180.74666198],[[1,5],227.52297579],[[1,6],193.93614681],[[1,7],206.38248169],[[1,8],9.57316902],[[1,9],20.23037058],[[1,10],33.17645776],[[1,11],77.76759245],[[1,12],71.14250066],[[1,13],80.26351907],[[1,14],128.12489527],[[1,15],142.34032213],[[2,3],57.76339388],[[2,4],235.70427466],[[2,5],116.46264305],[[2,6],153.10337857],[[2,7],8.55164265],[[2,8],5.06681875],[[2,9],25.73663487],[[2,10],71.48838474],[[2,11],60.60428635],[[2,12],139.14329694],[[2,13],133.03119882],[[2,14],109.77780323],[[2,15],168.61758529],[[3,4],370.5503141],[[3,5],192.18621713],[[3,6],16.4963955],[[3,7],33.68495239],[[3,8],47.57503646],[[3,9],53.26631078],[[3,10],100.72216272],[[3,11],112.44574319],[[3,12],161.90935049],[[3,13],46.52062085],[[3,14],151.32768712],[[3,15],224.75533294],[[4,5],6.87565485],[[4,6],47.16030221],[[4,7],60.79507992],[[4,8],64.75575816],[[4,9],73.31249162],[[4,10],64.08592325],[[4,11],24.25270392],[[4,12],74.33181529],[[4,13],157.99306467],[[4,14],201.18282663],[[4,15],273.30773966],[[5,6],24.94437438],[[5,7],49.14578285],[[5,8],85.5776336],[[5,9],90.67137893],[[5,10],147.12702861],[[5,11],106.76155517],[[5,12],55.58740126],[[5,13],95.41594367],[[5,14],272.20159933],[[5,15],169.8732224],[[6,7],22.64133391],[[6,8],111.12301834],[[6,9],96.85341411],[[6,10],98.57165719],[[6,11],66.56594625],[[6,12],162.10298068],[[6,13],196.09528652],[[6,14],221.63707577],[[6,15],350.84660588],[[7,8],129.97375975],[[7,9],66.04583379],[[7,10],61.75951613],[[7,11],190.80976089],[[7,12],274.8357412],[[7,13],240.18124585],[[7,14],262.75190909],[[7,15],244.7655572],[[8,9],46.67284872],[[8,10],87.43324541],[[8,11],114.72294321],[[8,12],194.15200224],[[8,13],294.95811342],[[8,14],288.63408306],[[8,15],192.94957213],[[9,10],131.59248106],[[9,11],108.54334824],[[9,12],96.47824594],[[9,13],95.74151064],[[9,14],366.01534154],[[9,15],7.952873],[[10,11],264.88638159],[[10,12],251.36069516],[[10,13],188.70422198],[[10,14],7.16345778],[[10,15],31.00754672],[[11,12],297.97961875],[[11,13],6.39544378],[[11,14],24.89410417],[[11,15],29.85937493],[[12,13],26.3366312],[[12,14],54.45935878],[[12,15],25.37885639],[[13,14],100.69451576],[[13,15],84.80932565],[[14,15],110.50733132]],
"num_nodes":15,
"edges_existing":[]}