{"edges_to_augment":[[[1,2],166.35199884],[[1,3],105.35027628],[[1,4],240.70375076],[[1,5],196.10010263],[[1,6],73.15505641],[[1,7],207.51784979],[[1,8],2.94420281],[[1,9],26.82722882],[[1,10],17.11728617],[[1,11],66.52539515],[[1,12],69.421487],[[1,13],64.98613875],[[1,14],160.59895131],[[1,15],133.72250717],[[2,3],224.55259177],[[2,4],324.0092985],[[2,5],113.94583073],[[2,6],294.92914617],[[2,7],14.34113488],[[2,8],34.53651037],[[2,9],9.32566455],[[2,10],29.81712068],[[2,11],53.67445896],[[2,12],97.2464974],[[2,13],101.93851901],[[2,14],155.51685012],[[2,15],183.59323726],[[3,4],306.60279925],[[3,5],247.53433838],[[3,6],12.22089912],[[3,7],19.68828689],[[3,8],39.02112317],[[3,9],51.74975282],[[3,10],81.86036537],[[3,11],127.49997996],[[3,12],80.77780706],[[3,13],173.7520939],[[3,14],180.3536611],[[3,15],143.73587228],[[4,5],15.36510572],[[4,6],10.40229521],[[4,7],44.31658215],[[4,8],47.34406964],[[4,9],88.38325948],[[4,10],47.88865627],[[4,11],77.33433358],[[4,12],209.12452395],[[4,13],113.70963564],[[4,14],149.80376334],[[4,15],208.42330728],[[5,6],58.32101603],[[5,7],37.26795255],[[5,8],78.10421026],[[5,9],116.64498804],[[5,10],111.5323785],[[5,11],94.33065983],[[5,12],215.78356612],[[5,13],71.50410724],[[5,14],37.89330935],[[5,15],199.69290352],[[6,7],81.49006315],[[6,8],112.08658648],[[6,9],71.21468711],[[6,10],168.37752771],[[6,11],108.31576149],[[6,12],196.85137151],[[6,13],225.89847304],[[6,14],75.10330007],[[6,15],202.57669001],[[7,8],182.29706019],[[7,9],133.00605621],[[7,10],123.31152515],[[7,11],156.82547352],[[7,12],175.29449834],[[7,13],136.15017495],[[7,14],283.75398722],[[7,15],317.79061685],[[8,9],163.66954596],[[8,10],197.9152366],[[8,11],157.36546455],[[8,12],181.08219645],[[8,13],186.3012034],[[8,14],99.78263927],[[8,15],219.4065488],[[9,10],175.27109308],[[9,11],161.93031979],[[9,12],13.54518925],[[9,13],162.91830539],[[9,14],123.1907919],[[9,15],4.02557147],[[10,11],318.53986126],[[10,12],183.38502914],[[10,13],139.64530999],[[10,14],3.59321677],[[10,15],33.20696339],[[11,12],83.23854315],[[11,13],4.18533459],[[11,14],22.39710161],[[11,15],48.14324703],[[12,13],29.0584027],[[12,14],42.6104735],[[12,15],68.87456212],[[13,14],30.65694662],[[13,15],119.4128032],[[14,15],59.42161092]],"num_nodes":15,"edges_existing":[]}