{"num_nodes":15,"new_data":{"edge_weights":[]},"old_data":{"edge_weights":[[[1,2],207.07034995],[[1,3],253.45281603],[[1,4],168.03206164],[[1,5],202.47255631],[[1,6],72.85642516],[[1,7],230.23195534],[[1,8],10.10639947],[[1,9],10.83004816],[[1,10],14.98500891],[[1,11],40.35082253],[[1,12],104.14765098],[[1,13],40.0923991],[[1,14],122.31669067],[[1,15],159.1119336],[[2,3],144.14073941],[[2,4],265.71617032],[[2,5],102.25133551],[[2,6],234.60889734],[[2,7],20.21900949],[[2,8],16.59567654],[[2,9],36.22683329],[[2,10],95.80249131],[[2,11],81.83783956],[[2,12],79.86935715],[[2,13],100.5844599],[[2,14],66.26736025],[[2,15],159.49657854],[[3,4],203.9703037],[[3,5],189.26833378],[[3,6],14.62610772],[[3,7],31.88302119],[[3,8],66.86465677],[[3,9],58.92478164],[[3,10],44.20241681],[[3,11],132.63471403],[[3,12],83.03869064],[[3,13],81.88453861],[[3,14],68.37739271],[[3,15],80.95998004],[[4,5],16.12340336],[[4,6],23.73754902],[[4,7],63.94443759],[[4,8],68.70736085],[[4,9],33.89875928],[[4,10],50.16663263],[[4,11],50.82474407],[[4,12],139.87409831],[[4,13],174.43695223],[[4,14],192.365956],[[4,15],172.18167093],[[5,6],45.7677526],[[5,7],27.56680499],[[5,8],112.67678972],[[5,9],91.36040606],[[5,10],169.24807027],[[5,11],105.74249405],[[5,12],126.79830683],[[5,13],74.35138091],[[5,14],193.60482421],[[5,15],167.2258363],[[6,7],48.18981983],[[6,8],27.79482794],[[6,9],30.55765765],[[6,10],166.26576569],[[6,11],150.16995784],[[6,12],24.8792309],[[6,13],128.05946008],[[6,14],129.41122362],[[6,15],261.26142641],[[7,8],45.12560187],[[7,9],10.57843793],[[7,10],98.61702781],[[7,11],68.07069298],[[7,12],277.14514296],[[7,13],152.42801296],[[7,14],292.35364262],[[7,15],99.31055461],[[8,9],88.56580474],[[8,10],223.65975155],[[8,11],61.29854488],[[8,12],127.25372458],[[8,13],54.81809385],[[8,14],362.96436646],[[8,15],333.58783568],[[9,10],284.78123932],[[9,11],36.23948402],[[9,12],210.60008894],[[9,13],351.88584781],[[9,14],106.15291107],[[9,15],3.29666399],[[10,11],45.99490548],[[10,12],208.51347369],[[10,13],101.30650779],[[10,14],9.47725924],[[10,15],33.45454968],[[11,12],288.12636052],[[11,13],8.52030688],[[11,14],30.30341338],[[11,15],34.21417929],[[12,13],27.79716588],[[12,14],26.74311487],[[12,15],60.0370871],[[13,14],53.61973935],[[13,15],73.08102453],[[14,15],97.40066793]]}}
