{"edges_to_augment":[[[1,2],211.44950456],[[1,3],210.62848247],[[1,4],146.94083203],[[1,5],152.36746102],[[1,6],30.672779],[[1,7],221.87041695],[[1,8],6.98139908],[[1,9],11.63742283],[[1,10],63.23474338],[[1,11],84.94996037],[[1,12],34.57820595],[[1,13],57.9550912],[[1,14],91.25101756],[[1,15],71.8659117],[[2,3],273.78865818],[[2,4],283.49950397],[[2,5],141.27363556],[[2,6],321.64642392],[[2,7],20.03537881],[[2,8],20.18988937],[[2,9],59.13128984],[[2,10],50.50645337],[[2,11],62.44829772],[[2,12],73.57576919],[[2,13],136.75555864],[[2,14],197.48746867],[[2,15],72.61893983],[[3,4],187.35039887],[[3,5],138.47879016],[[3,6],15.383283],[[3,7],12.40853234],[[3,8],31.1454996],[[3,9],94.89630639],[[3,10],81.24413933],[[3,11],30.02035861],[[3,12],137.04833473],[[3,13],129.17621916],[[3,14],72.6765715],[[3,15],252.92353592],[[4,5],12.50054186],[[4,6],17.28232984],[[4,7],32.85417033],[[4,8],56.76594403],[[4,9],69.63523551],[[4,10],91.859225],[[4,11],61.9951636],[[4,12],157.09920298],[[4,13],128.1384241],[[4,14],177.07526088],[[4,15],59.56268631],[[5,6],46.13258369],[[5,7],44.90881079],[[5,8],12.33536989],[[5,9],54.38757822],[[5,10],104.93191897],[[5,11],130.16010714],[[5,12],128.17247393],[[5,13],139.38819328],[[5,14],143.64538494],[[5,15],245.61307059],[[6,7],102.36711077],[[6,8],88.59820109],[[6,9],148.58063559],[[6,10],119.6843394],[[6,11],127.30566969],[[6,12],138.41864455],[[6,13],180.30076216],[[6,14],231.36297839],[[6,15],291.47361888],[[7,8],134.81149249],[[7,9],129.2255786],[[7,10],136.45861165],[[7,11],177.5836608],[[7,12],123.04872433],[[7,13],253.56120757],[[7,14],205.43138305],[[7,15],143.61022456],[[8,9],129.14914404],[[8,10],264.11318754],[[8,11],142.75674279],[[8,12],332.89683777],[[8,13],159.77009986],[[8,14],117.60815847],[[8,15],227.25909768],[[9,10],109.13448996],[[9,11],213.12060692],[[9,12],327.78251933],[[9,13],53.73111094],[[9,14],153.51540973],[[9,15],8.46277875],[[10,11],303.55319518],[[10,12],229.90788142],[[10,13],302.85509401],[[10,14],6.12536424],[[10,15],11.09942413],[[11,12],149.89384009],[[11,13],2.17754244],[[11,14],18.34560729],[[11,15],55.54110554],[[12,13],15.6398001],[[12,14],40.79724251],[[12,15],38.15282689],[[13,14],70.03660533],[[13,15],66.2243691],[[14,15],88.26003503]],
"num_nodes":15,
"edges_existing":[]}