{"edges_to_augment":[[[1,2],101.3450005],[[1,3],270.32286663],[[1,4],154.46525838],[[1,5],82.27882866],[[1,6],273.87667077],[[1,7],154.25071969],[[1,8],5.76922324],[[1,9],13.81408546],[[1,10],40.63570867],[[1,11],65.48414171],[[1,12],49.84819931],[[1,13],81.20942792],[[1,14],171.65335611],[[1,15],104.41217525],[[2,3],108.19096214],[[2,4],226.03816421],[[2,5],357.87551637],[[2,6],230.03841314],[[2,7],5.34395369],[[2,8],24.49472427],[[2,9],58.2337664],[[2,10],98.32712329],[[2,11],70.16552498],[[2,12],48.50368552],[[2,13],116.93474895],[[2,14],63.25555556],[[2,15],222.86283782],[[3,4],74.93205452],[[3,5],63.5334725],[[3,6],5.20633805],[[3,7],26.03413659],[[3,8],74.79578219],[[3,9],30.44748918],[[3,10],77.68528795],[[3,11],88.46525722],[[3,12],83.83730979],[[3,13],60.70242168],[[3,14],98.89663198],[[3,15],33.5711442],[[4,5],17.23615062],[[4,6],33.78337423],[[4,7],43.36242942],[[4,8],45.03434245],[[4,9],98.73606996],[[4,10],77.90802542],[[4,11],72.26366756],[[4,12],117.74180983],[[4,13],58.69583437],[[4,14],66.2986927],[[4,15],132.60374457],[[5,6],34.13257382],[[5,7],46.830356],[[5,8],107.050673],[[5,9],75.09291172],[[5,10],139.92527301],[[5,11],119.40113132],[[5,12],78.88513818],[[5,13],114.79305534],[[5,14],198.67642665],[[5,15],85.62608648],[[6,7],30.0828598],[[6,8],77.44913475],[[6,9],139.42433105],[[6,10],86.21470754],[[6,11],159.93053067],[[6,12],112.64179401],[[6,13],205.01955043],[[6,14],165.23679173],[[6,15],293.46606941],[[7,8],115.43733307],[[7,9],121.32705418],[[7,10],233.44350813],[[7,11],31.79837539],[[7,12],16.82434941],[[7,13],172.66654073],[[7,14],278.58916448],[[7,15],187.55818539],[[8,9],56.58421148],[[8,10],212.58679118],[[8,11],209.97492477],[[8,12],292.72300491],[[8,13],180.28340863],[[8,14],145.68351786],[[8,15],229.26480645],[[9,10],111.98276734],[[9,11],147.39373655],[[9,12],182.02441327],[[9,13],180.10942158],[[9,14],47.96965008],[[9,15],7.38594644],[[10,11],269.43211645],[[10,12],278.9280508],[[10,13],310.23780812],[[10,14],6.98720517],[[10,15],23.2959167],[[11,12],288.32396854],[[11,13],5.46863236],[[11,14],24.07911211],[[11,15],75.37572294],[[12,13],36.649319],[[12,14],36.64410029],[[12,15],61.6016118],[[13,14],25.45091398],[[13,15],78.88459153],[[14,15],85.63492292]],"num_nodes":15,"edges_existing":[]}