{"num_nodes":15,"new_data":{"edge_weights":[]},"old_data":{"edge_weights":[[[1,2],181.73843892],[[1,3],109.64578308],[[1,4],151.18740572],[[1,5],207.55086169],[[1,6],239.80456602],[[1,7],193.42488266],[[1,8],4.42574447],[[1,9],16.67819438],[[1,10],39.77696789],[[1,11],52.11503171],[[1,12],122.50623462],[[1,13],111.14310892],[[1,14],124.55898551],[[1,15],141.82520143],[[2,3],250.35592845],[[2,4],205.85454001],[[2,5],203.39960212],[[2,6],125.08799823],[[2,7],12.66172491],[[2,8],29.48073139],[[2,9],53.4348401],[[2,10],9.48890465],[[2,11],122.93494822],[[2,12],156.65635692],[[2,13],53.93119176],[[2,14],95.1312562],[[2,15],44.17211437],[[3,4],322.15097304],[[3,5],248.26231503],[[3,6],9.17278215],[[3,7],15.31141316],[[3,8],45.33150941],[[3,9],21.8538343],[[3,10],52.36467955],[[3,11],28.90109401],[[3,12],135.48258238],[[3,13],82.08760959],[[3,14],117.09649703],[[3,15],62.18986237],[[4,5],13.44747163],[[4,6],19.45463372],[[4,7],70.69883343],[[4,8],54.11586359],[[4,9],100.18536771],[[4,10],36.7529627],[[4,11],67.55624383],[[4,12],86.06344493],[[4,13],106.74465732],[[4,14],252.9927442],[[4,15],157.67151317],[[5,6],34.10056172],[[5,7],63.11762862],[[5,8],101.7004266],[[5,9],32.64380491],[[5,10],132.14764817],[[5,11],80.40796671],[[5,12],119.04115833],[[5,13],202.10969004],[[5,14],206.29939765],[[5,15],45.55348724],[[6,7],33.1605747],[[6,8],67.02618435],[[6,9],147.51339777],[[6,10],77.61994121],[[6,11],225.97955961],[[6,12],135.59287675],[[6,13],140.14879684],[[6,14],218.33277098],[[6,15],106.57482084],[[7,8],145.80755473],[[7,9],165.22738941],[[7,10],199.45420927],[[7,11],232.4287241],[[7,12],140.93283091],[[7,13],95.02401036],[[7,14],202.90358718],[[7,15],359.49743803],[[8,9],113.76080446],[[8,10],244.69593155],[[8,11],116.8434346],[[8,12],182.27074635],[[8,13],217.56161315],[[8,14],228.06838209],[[8,15],257.86102821],[[9,10],167.99685666],[[9,11],115.36926776],[[9,12],169.93556389],[[9,13],132.39478034],[[9,14],393.08084345],[[9,15],4.93160014],[[10,11],253.30560968],[[10,12],305.72373632],[[10,13],238.37168811],[[10,14],4.27165557],[[10,15],15.39662937],[[11,12],98.4801432],[[11,13],5.77009114],[[11,14],37.07565078],[[11,15],58.72437645],[[12,13],11.51663847],[[12,14],60.26177781],[[12,15],59.18529969],[[13,14],95.70806632],[[13,15],102.05037967],[[14,15],121.97232479]]}}
